data;horario;n_da_ocorrencia;tipo_de_ocorrencia;km;trecho;sentido;tipo_de_acidente;automovel;bicicleta;caminhao;moto;onibus;outros;tracao_animal;transporte_de_cargas_especiais;trator_maquinas;utilitarios;ilesos;levemente_feridos;moderadamente_feridos;gravemente_feridos;mortos
02/03/2021;21:40:00;287;ac03 - Acidente com vítima ilesa;101;BR-364/GO;Oeste;Colisão lateral no sentido contrário;;;1;;;;;;;1;2;;;;
03/03/2021;14:51:26;221;ac03 - Acidente com vítima ilesa;756;BR-365/MG;Leste;Choque - Meio fio;;;1;;;;;;;;1;;;;
04/03/2021;09:32:44;92;ac03 - Acidente com vítima ilesa;681;BR-365/MG;Leste;Colisão Traseira;1;;1;;;;;;;;2;;;;
07/03/2021;10:19:11;76;ac02 - Acidente com vítima;791;BR-365/MG;Leste;Colisão Traseira;1;;;;;1;;;;1;2;;;1;
07/03/2021;21:26:33;213;ac01 - Acidente com vitima fatal;863,1;BR-365/MG;Oeste;Colisão Frontal;1;;;1;;;;;;;0;;2;;1
08/03/2021;00:51:34;2;ac01 - Acidente com vitima fatal;647,4;BR-365/MG;Leste;Choque - Veiculo parado no acostamento;;;1;;1;;;;;;9;2;;;1
08/03/2021;07:01:20;24;ac03 - Acidente com vítima ilesa;115,3;BR-364/GO;Oeste;Colisão Traseira;1;;;;;;;;;1;2;;;;
08/03/2021;15:00:04;174;ac03 - Acidente com vítima ilesa;751,1;BR-365/MG;Leste;Choque - Meio fio;1;;;;;;;;;;3;;;;
09/03/2021;08:52:18;56;ac02 - Acidente com vítima;704;BR-365/MG;Leste;Capotamento;1;;;;;;;;;;0;1;;;
10/03/2021;19:38:51;294;ac03 - Acidente com vítima ilesa;50,45;BR-364/GO;Leste;Atropelamento de Animal;;;;;;;;;;2;1;;;;
10/03/2021;20:12:05;303;ac03 - Acidente com vítima ilesa;828,2;BR-365/MG;Oeste;Atropelamento de Animal;;;;;;;;;;1;2;;;;
11/03/2021;01:11:29;15;ac02 - Acidente com vítima;633;BR-365/MG;Oeste;Capotamento;;;;;;;;;;1;0;2;;;
11/03/2021;03:46:47;25;ac03 - Acidente com vítima ilesa;702;BR-365/MG;Leste;Atropelamento de Animal;;;;;;;;;;1;2;;;;
12/03/2021;05:55:59;24;ac03 - Acidente com vítima ilesa;757;BR-365/MG;Oeste;Choque - Meio fio;;;1;;;;;;;;1;;;;
12/03/2021;16:04:41;205;ac02 - Acidente com vítima;62;BR-364/GO;Leste;Colisão Traseira;;;1;;;;;;;1;1;;1;;
12/03/2021;22:54:34;330;ac03 - Acidente com vítima ilesa;653,3;BR-365/MG;Leste;Choque - Talude ou Barranco;;;1;;;;;;;;2;;;;
14/03/2021;14:14:44;139;ac02 - Acidente com vítima;673;BR-365/MG;Oeste;Capotamento;1;;;;;;;;;;1;;2;;
14/03/2021;17:35:36;183;ac03 - Acidente com vítima ilesa;779;BR-365/MG;Oeste;Choque - Outros;;;1;;;;;;;;1;;;;
14/03/2021;18:41:22;198;ac03 - Acidente com vítima ilesa;673,5;BR-365/MG;Leste;Choque - Elemento de Drenagem;1;;;;;;;;;;1;;;;
14/03/2021;19:12:21;210;ac02 - Acidente com vítima;672,8;BR-365/MG;Leste;Capotamento;1;;;;;;;;;;0;1;;;
14/03/2021;20:01:49;220;ac03 - Acidente com vítima ilesa;691;BR-365/MG;Leste;Capotamento;1;;;;;;;;;;1;;;;
14/03/2021;22:52:46;252;ac02 - Acidente com vítima;694,3;BR-365/MG;Leste;Colisão Traseira;;;2;;;;;;;;1;1;;;
15/03/2021;18:48:00;283;ac02 - Acidente com vítima;638,5;BR-365/MG;Oeste;Capotamento;1;;;;;;;;;;0;;2;;
16/03/2021;13:38:47;180;ac03 - Acidente com vítima ilesa;637,5;BR-365/MG;Oeste;Choque - Meio fio;;;1;;;;;;;;1;;;;
16/03/2021;19:59:41;300;ac03 - Acidente com vítima ilesa;89;BR-364/GO;Oeste;Colisão Transversal;;;;;;1;;;;1;0;;;;
17/03/2021;00:01:50;1;ac02 - Acidente com vítima;706,6;BR-365/MG;Leste;Colisão lateral no mesmo sentido;;;2;;;;;;;;0;2;;;
17/03/2021;09:10:51;104;ac03 - Acidente com vítima ilesa;753;BR-365/MG;Leste;Choque - Sinalização;;;1;;;;;;;;1;;;;
17/03/2021;14:22:56;201;ac02 - Acidente com vítima;664,9;BR-365/MG;Oeste;Colisão Transversal;1;;1;;;;;;;;1;1;;;
18/03/2021;02:33:38;13;ac03 - Acidente com vítima ilesa;749;BR-365/MG;Leste;Choque - Sinalização;;;1;;;;;;;;1;;;;
18/03/2021;09:13:38;82;ac03 - Acidente com vítima ilesa;753;BR-365/MG;Leste;Colisão lateral no mesmo sentido;;;;;;;;;;2;2;;;;
19/03/2021;05:17:18;24;ac02 - Acidente com vítima;824,25;BR-365/MG;Oeste;Capotamento;;;;;;;;;;1;0;1;;;
20/03/2021;16:13:45;254;ac03 - Acidente com vítima ilesa;644,9;BR-365/MG;Leste;Choque - Elemento de Drenagem;1;;;;;;;;;;2;;;;
21/03/2021;03:37:52;18;ac03 - Acidente com vítima ilesa;664;BR-365/MG;Leste;Choque - Elemento de Drenagem;1;;;;;;;;;;1;;;;
22/03/2021;11:04:51;133;ac02 - Acidente com vítima;75;BR-364/GO;Oeste;Tombamento;;;1;;;;;;;;0;1;;;
23/03/2021;14:17:14;177;ac02 - Acidente com vítima;5;BR-364/GO;Leste;Capotamento;;;1;;;;;;;;0;1;;;
24/03/2021;08:37:21;57;ac03 - Acidente com vítima ilesa;9,1;BR-364/GO;Leste;Choque - Sinalização;;;;;;;;;;1;1;;;;
24/03/2021;18:54:46;307;ac02 - Acidente com vítima;753,95;BR-365/MG;Oeste;Colisão Transversal;;;;1;;;;;;1;1;;1;;
24/03/2021;19:15:18;312;ac03 - Acidente com vítima ilesa;757;BR-365/MG;Oeste;Choque - Sinalização;;;1;;;;;;;;1;;;;
25/03/2021;09:44:17;101;ac02 - Acidente com vítima;160,3;BR-364/GO;Leste;Colisão Traseira;;;2;;;;;;;;1;1;;;
25/03/2021;10:20:58;118;ac02 - Acidente com vítima;89;BR-364/GO;Oeste;Colisão Transversal;1;;1;;;;;;;;0;2;;;
25/03/2021;20:21:28;320;ac02 - Acidente com vítima;628,7;BR-365/MG;Leste;Colisão Traseira;1;;1;;;;;;;;2;1;;;
26/03/2021;20:56:49;343;ac03 - Acidente com vítima ilesa;59;BR-364/GO;Leste;Colisão Traseira;2;;;;;;;;;;2;;;;
27/03/2021;19:43:27;286;ac02 - Acidente com vítima;17;BR-364/GO;Oeste;Colisão Frontal;1;;;1;;;;;;;0;2;;2;
27/03/2021;22:08:41;324;ac03 - Acidente com vítima ilesa;626,6;BR-365/MG;Oeste;Tombamento;;;1;;;;;;;;1;;;;
28/03/2021;22:46:34;288;ac02 - Acidente com vítima;166;BR-364/GO;Oeste;Colisão Traseira;;;;;;;;;;2;2;1;;;
01/04/2021;18:19:47;297;ac03 - Acidente com vítima ilesa;704,35;BR-365/MG;Leste;Colisão Traseira;1;;1;;;;;;;;2;;;;
02/04/2021;11:08:14;119;ac03 - Acidente com vítima ilesa;653,7;BR-365/MG;Leste;Choque - Meio fio;1;;;;;;;;;;2;;;;
03/04/2021;06:25:52;18;ac02 - Acidente com vítima;773;BR-365/MG;Oeste;Colisão Transversal;1;;1;;;;;;;;3;1;1;;
03/04/2021;12:04:01;93;ac02 - Acidente com vítima;667,8;BR-365/MG;Oeste;Capotamento;;;;;;;;;;1;0;1;;;
04/04/2021;13:42:19;103;ac02 - Acidente com vítima;83,4;BR-364/GO;Leste;Colisão lateral no mesmo sentido;;;1;;;;;;;1;1;;1;;
05/04/2021;15:13:22;197;ac02 - Acidente com vítima;663;BR-365/MG;Oeste;Capotamento;1;;;;;;;;;;0;1;;;
06/04/2021;14:52:14;223;ac03 - Acidente com vítima ilesa;147,5;BR-364/GO;Oeste;Choque - Sinalização;;;1;;;;;;;;1;;;;
06/04/2021;15:11:28;233;ac02 - Acidente com vítima;154,5;BR-364/GO;Oeste;Tombamento;;;1;;;;;;;;0;1;;;
07/04/2021;06:29:37;40;ac02 - Acidente com vítima;668,8;BR-365/MG;Oeste;Capotamento;;;;;;;;;;1;0;1;;;
09/04/2021;19:14:15;351;ac02 - Acidente com vítima;686;BR-365/MG;Leste;Atropelamento - Pedestre;1;;;;;;;;;;1;;;1;
10/04/2021;14:33:41;214;ac03 - Acidente com vítima ilesa;659;BR-365/MG;Leste;Choque - Veiculo parado no acostamento;;;1;;;1;;;;;2;;;;
10/04/2021;19:23:52;319;ac02 - Acidente com vítima;109;BR-364/GO;Leste;Queda de Moto;;;;1;;;;;;;0;1;;;
11/04/2021;00:26:24;5;ac03 - Acidente com vítima ilesa;115;BR-364/GO;Leste;Queda de veículo em ribanceira, ponte ou viaduto;;;;;;;;;;1;1;;;;
12/04/2021;19:07:58;311;ac03 - Acidente com vítima ilesa;729;BR-365/MG;Leste;Choque - Elemento de Drenagem;;;1;;;;;;;;1;;;;
13/04/2021;06:40:45;40;ac03 - Acidente com vítima ilesa;627,3;BR-365/MG;Oeste;Tombamento;;;1;;;;;;;;1;;;;
13/04/2021;11:28:20;186;ac02 - Acidente com vítima;853;BR-365/MG;Leste;Capotamento;1;;;;;;;;;;0;2;1;1;
13/04/2021;22:13:14;396;ac03 - Acidente com vítima ilesa;757;BR-365/MG;Leste;Choque - Meio fio;1;;;;;;;;;;1;;;;
15/04/2021;21:11:13;399;ac01 - Acidente com vitima fatal;687,4;BR-365/MG;Oeste;Atropelamento - Pedestre;;;;;;;;;;1;4;;;;1
16/04/2021;02:52:24;15;ac02 - Acidente com vítima;751;BR-365/MG;Oeste;Queda de Moto;;;;1;;;;;;;0;1;;;
16/04/2021;21:27:21;400;ac03 - Acidente com vítima ilesa;706;BR-365/MG;Leste;Choque - Meio fio;1;;;;;;;;;;1;;;;
17/04/2021;07:15:41;53;ac03 - Acidente com vítima ilesa;706;BR-365/MG;Leste;Choque - Meio fio;;;;;;;;;;1;1;;;;
17/04/2021;22:38:05;339;ac02 - Acidente com vítima;4;BR-364/GO;Oeste;Colisão Traseira;1;;1;;;;;;;;1;2;;;
18/04/2021;20:19:57;305;ac02 - Acidente com vítima;96,5;BR-364/GO;Oeste;Colisão lateral no sentido contrário;1;;1;;;;;;;;1;;;1;
22/04/2021;14:18:01;261;ac02 - Acidente com vítima;58,2;BR-364/GO;Leste;Queda de Moto;;;;1;;;;;;;0;1;;;
22/04/2021;17:45:17;354;ac02 - Acidente com vítima;673,5;BR-365/MG;Oeste;Atropelamento de Animal;;;1;;;;;;;1;2;1;;;
23/04/2021;16:32:22;303;ac03 - Acidente com vítima ilesa;824,7;BR-365/MG;Leste;Capotamento;1;;;;;1;;;;;0;;;;
23/04/2021;21:41:56;392;ac02 - Acidente com vítima;719,2;BR-365/MG;Oeste;Colisão lateral no mesmo sentido;;;1;;;;;;;1;0;1;;;
25/04/2021;14:09:45;185;ac02 - Acidente com vítima;175;BR-364/GO;Leste;Colisão lateral no sentido contrário;1;;;1;;;;;;;0;;;1;
25/04/2021;18:56:26;267;ac03 - Acidente com vítima ilesa;716;BR-365/MG;Oeste;Capotamento;1;;;;;;;;;;0;;;;
25/04/2021;19:10:31;269;ac03 - Acidente com vítima ilesa;745;BR-365/MG;Oeste;Capotamento;1;;;;;;;;;;0;;;;
25/04/2021;23:35:40;319;ac03 - Acidente com vítima ilesa;153,4;BR-364/GO;Leste;Atropelamento de Animal;;;;;;;;;;1;2;;;;
26/04/2021;04:47:30;35;ac03 - Acidente com vítima ilesa;689,4;BR-365/MG;Leste;Atropelamento de Animal;;;1;;;;;;;;1;;;;
27/04/2021;15:27:37;269;ac02 - Acidente com vítima;794;BR-365/MG;Leste;Engavetamento;;;1;;;1;;;;1;1;1;;;
27/04/2021;22:21:29;408;ac02 - Acidente com vítima;18;BR-364/GO;Leste;Colisão Traseira;1;;;1;;;;;;;0;1;;;
29/04/2021;19:03:41;354;ac01 - Acidente com vitima fatal;719;BR-365/MG;Oeste;Colisão Traseira;1;;1;;;;;;;;1;;;;2
30/04/2021;14:02:57;245;ac02 - Acidente com vítima;630;BR-365/MG;Oeste;Colisão lateral no mesmo sentido;1;;1;;;;;;;;2;2;;;
30/04/2021;22:58:21;427;ac03 - Acidente com vítima ilesa;788,2;BR-365/MG;Oeste;Atropelamento de Animal;1;;;;;;;;;;3;;;;
01/05/2021;21:44:45;338;ac03 - Acidente com vítima ilesa;756,5;BR-365/MG;Oeste;Choque - Meio fio;1;;;;;;;;;;2;;;;
02/05/2021;14:27:58;143;ac02 - Acidente com vítima;91,1;BR-364/GO;Leste;Tombamento;;;1;;;;;;;;0;;1;;
03/05/2021;17:31:14;285;ac03 - Acidente com vítima ilesa;627;BR-365/MG;Leste;Colisão Traseira;;;;;;2;;;;;0;;;;
04/05/2021;20:45:59;373;ac03 - Acidente com vítima ilesa;645,6;BR-365/MG;Oeste;Choque - Elemento de Drenagem;1;;;;;;;;;;5;;;;
05/05/2021;08:47:58;79;ac03 - Acidente com vítima ilesa;168,4;BR-364/GO;Leste;Colisão Traseira;;;2;;;;;;;;3;;;;
05/05/2021;22:56:41;341;ac03 - Acidente com vítima ilesa;121;BR-364/GO;Leste;Choque - Outros;1;;;;;;;;;;0;;;;
06/05/2021;04:26:27;35;ac03 - Acidente com vítima ilesa;60,1;BR-364/GO;Oeste;Atropelamento de Animal;1;;;;;;;;;;1;;;;
06/05/2021;18:34:34;345;ac02 - Acidente com vítima;627;BR-365/MG;Leste;Colisão lateral no mesmo sentido;2;;;;;1;;;;;5;1;;;
07/05/2021;16:40:44;254;ac03 - Acidente com vítima ilesa;81,8;BR-364/GO;Oeste;Tombamento;;;1;;;;;;;;1;;;;
08/05/2021;07:06:07;40;ac03 - Acidente com vítima ilesa;637,62;BR-365/MG;Oeste;Colisão Traseira;1;;1;;;;;;;;5;;;;
09/05/2021;13:30:48;151;ac03 - Acidente com vítima ilesa;626,05;BR-365/MG;Leste;Capotamento;1;;;;;;;;;;1;;;;
09/05/2021;13:32:28;152;ac02 - Acidente com vítima;154;BR-364/GO;Leste;Tombamento;;;1;;;;;;;;0;1;;;
09/05/2021;19:08:53;250;ac03 - Acidente com vítima ilesa;660;BR-365/MG;Leste;Choque - Outros;1;;;;;;;;;;0;;;;
09/05/2021;21:11:55;290;ac03 - Acidente com vítima ilesa;49;BR-364/GO;Oeste;Atropelamento de Animal;1;;;;;;;;;;5;;;;
09/05/2021;22:11:57;303;ac02 - Acidente com vítima;764,2;BR-365/MG;Oeste;Colisão lateral no mesmo sentido;1;;1;;;;;;;;0;1;;;
09/05/2021;22:27:37;306;ac02 - Acidente com vítima;637;BR-365/MG;Oeste;Colisão Traseira;;;1;;;;;;;1;1;;1;;
11/05/2021;08:29:38;79;ac01 - Acidente com vitima fatal;666,7;BR-365/MG;Leste;Choque - Arvore;1;;;;;;;;;;0;;;;1
13/05/2021;02:18:11;20;ac03 - Acidente com vítima ilesa;870;BR-365/MG;Leste;Choque - Outros;;;;;;;;;;1;0;;;;
13/05/2021;15:29:50;241;ac02 - Acidente com vítima;139,7;BR-364/GO;Leste;Tombamento;;;1;;;;;;;;0;2;;;
13/05/2021;20:49:58;341;ac03 - Acidente com vítima ilesa;21;BR-364/GO;Leste;Colisão lateral no mesmo sentido;1;;1;;;;;;;;1;;;;
14/05/2021;17:12:21;259;ac02 - Acidente com vítima;160,3;BR-364/GO;Leste;Colisão Transversal;;;1;1;;;;;;;2;;1;;
14/05/2021;17:24:53;262;ac02 - Acidente com vítima;642;BR-365/MG;Leste;Capotamento;1;;;;;;;;;;0;;1;;
14/05/2021;18:52:33;292;ac02 - Acidente com vítima;639;BR-365/MG;Oeste;Capotamento;1;;1;;;;;;;;3;1;;;
15/05/2021;09:30:29;95;ac02 - Acidente com vítima;662,74;BR-365/MG;Oeste;Queda de Moto;;;;1;;;;;;;0;;1;;
15/05/2021;09:39:39;99;ac03 - Acidente com vítima ilesa;676;BR-365/MG;Leste;Queda de Moto;;;;1;;;;;;;0;;;;
16/05/2021;06:58:44;27;ac02 - Acidente com vítima;626,6;BR-365/MG;Leste;Colisão Transversal;;;1;1;;;;;;;1;1;;;
17/05/2021;19:41:26;316;ac02 - Acidente com vítima;99,5;BR-364/GO;Leste;Atropelamento de Animal;1;;;;;;;;;;0;1;;;
17/05/2021;20:14:59;325;ac03 - Acidente com vítima ilesa;99;BR-364/GO;Oeste;Atropelamento de Animal;1;;;;;;;;;;2;;;;
17/05/2021;23:36:23;365;ac02 - Acidente com vítima;706;BR-365/MG;Oeste;Tombamento;;;1;;;1;;;;;0;1;;;
18/05/2021;03:41:47;19;ac03 - Acidente com vítima ilesa;708;BR-365/MG;Leste;Tombamento;;;1;;;;;;;;0;;;;
20/05/2021;22:27:38;394;ac02 - Acidente com vítima;706;BR-365/MG;Oeste;Colisão lateral no mesmo sentido;;;2;;;;;;;;1;1;;;
21/05/2021;00:07:14;2;ac03 - Acidente com vítima ilesa;647;BR-365/MG;Leste;Choque - Outros;1;;;;;;;;;;0;;;;
21/05/2021;00:37:47;15;ac03 - Acidente com vítima ilesa;658;BR-365/MG;Leste;Colisão lateral no mesmo sentido;1;;;;;;;;;1;2;;;;
21/05/2021;20:43:08;364;ac03 - Acidente com vítima ilesa;73;BR-364/GO;Leste;Choque - Meio fio;1;;;;;;;;;;0;;;;
22/05/2021;00:11:34;3;ac03 - Acidente com vítima ilesa;46;BR-364/GO;Leste;Capotamento;1;;;;;;;;;;3;;;;
22/05/2021;11:18:36;154;ac02 - Acidente com vítima;845;BR-365/MG;Leste;Queda de Moto;;;;1;;;;;;;0;1;;;
22/05/2021;15:23:39;216;ac02 - Acidente com vítima;707,54;BR-365/MG;Leste;Choque - Meio fio;;;;;;;;;;1;1;1;;;
23/05/2021;20:32:56;266;ac03 - Acidente com vítima ilesa;88;BR-364/GO;Leste;Choque - Outros;1;;;;;;;;;;0;;;;
24/05/2021;10:20:50;125;ac02 - Acidente com vítima;89,09;BR-364/GO;Leste;Colisão Transversal;;;2;;;;;;;;1;1;;;
24/05/2021;18:51:35;315;ac03 - Acidente com vítima ilesa;831;BR-365/MG;Oeste;Atropelamento de Animal;;;;;;;;;;1;4;;;;
25/05/2021;21:29:10;345;ac01 - Acidente com vitima fatal;679,6;BR-365/MG;Oeste;Colisão Traseira;1;;;;;;;;;1;0;1;;;1
26/05/2021;12:34:28;175;ac02 - Acidente com vítima;811;BR-365/MG;Leste;Choque - Meio fio;;;1;;;;;;;;0;1;;;
26/05/2021;17:33:59;273;ac02 - Acidente com vítima;751;BR-365/MG;Oeste;Colisão lateral no mesmo sentido;;;1;;;;;;;1;2;1;;;
26/05/2021;18:37:26;289;ac03 - Acidente com vítima ilesa;757;BR-365/MG;Oeste;Choque - Meio fio;;;;;;;;;;1;1;;;;
27/05/2021;18:46:46;341;ac03 - Acidente com vítima ilesa;16;BR-364/GO;Oeste;Capotamento;;;;;;;;;;1;1;;;;
28/05/2021;17:40:57;296;ac03 - Acidente com vítima ilesa;865;BR-365/MG;Leste;Choque - Outros;;;;;;;;;;1;1;;;;
28/05/2021;22:01:28;362;ac03 - Acidente com vítima ilesa;662;BR-365/MG;Leste;Choque - Outros;1;;;;;;;;;;0;;;;
29/05/2021;17:32:11;252;ac02 - Acidente com vítima;627;BR-365/MG;Oeste;Colisão Traseira;1;;;1;;;;;;;1;;1;;
30/05/2021;10:36:19;106;ac03 - Acidente com vítima ilesa;626;BR-365/MG;Leste;Choque - Defensa metálica;1;;;;;;;;;;0;;;;
30/05/2021;14:41:35;148;ac02 - Acidente com vítima;825,5;BR-365/MG;Leste;Choque - Elemento de Drenagem;1;;;;;;;;;;0;;1;;
30/05/2021;20:58:57;276;ac02 - Acidente com vítima;706,5;BR-365/MG;Leste;Choque - Elemento de Drenagem;;;1;;;;;;;;0;1;;1;
01/06/2021;05:34:14;30;ac02 - Acidente com vítima;787,9;BR-365/MG;Oeste;Tombamento;;;1;;;;;;;;0;;;1;
02/06/2021;15:13:45;203;ac02 - Acidente com vítima;644;BR-365/MG;Oeste;Choque - Defensa metálica;1;;;;;;;;;;0;2;;;
02/06/2021;15:22:45;204;ac03 - Acidente com vítima ilesa;160;BR-364/GO;Leste;Choque - Meio fio;;;1;;;;;;;;1;;;;
03/06/2021;15:14:22;220;ac03 - Acidente com vítima ilesa;168,85;BR-364/GO;Oeste;Colisão lateral no mesmo sentido;1;;;;;;;;;1;3;;;;
04/06/2021;18:49:45;277;ac03 - Acidente com vítima ilesa;726;BR-365/MG;Leste;Choque - Outros;1;;;;;;;;;;0;;;;
04/06/2021;21:02:23;312;ac03 - Acidente com vítima ilesa;726;BR-365/MG;Leste;Queda de Carro;1;;;;;;;;;;1;;;;
05/06/2021;18:17:46;270;ac02 - Acidente com vítima;711;BR-365/MG;Oeste;Colisão Traseira;1;;;;;;;;;1;3;2;;;
06/06/2021;18:16:05;227;ac02 - Acidente com vítima;753,3;BR-365/MG;Oeste;Colisão Traseira;1;;;1;;;;;;;1;;1;;
06/06/2021;20:53:28;276;ac03 - Acidente com vítima ilesa;748;BR-365/MG;Leste;Choque - Elemento de Drenagem;1;;;;;;;;;;1;;;;
07/06/2021;12:53:59;200;ac03 - Acidente com vítima ilesa;662;BR-365/MG;Leste;Capotamento;1;;;;;;;;;;0;;;;
07/06/2021;13:12:23;204;ac03 - Acidente com vítima ilesa;678,45;BR-365/MG;Leste;Choque - Elemento de Drenagem;1;;;;;;;;;;1;;;;
07/06/2021;20:17:29;333;ac02 - Acidente com vítima;634;BR-365/MG;Leste;Choque - Meio fio;1;;;;;;;;;;0;1;2;;
08/06/2021;09:14:35;96;ac02 - Acidente com vítima;819,35;BR-365/MG;Leste;Choque - Arvore;;;;;;1;;;;1;0;2;;;
10/06/2021;14:15:54;161;ac02 - Acidente com vítima;697,55;BR-365/MG;Oeste;Tombamento;;;1;;;;;;;;1;;1;;
10/06/2021;16:02:21;188;ac02 - Acidente com vítima;2,5;BR-364/GO;Leste;Choque - Arvore;;;;;;;;;;1;0;;1;;
10/06/2021;16:07:59;192;ac03 - Acidente com vítima ilesa;665;BR-365/MG;Leste;Queda de Moto;;;;1;;;;;;;1;;;;
11/06/2021;14:38:13;175;ac03 - Acidente com vítima ilesa;704,35;BR-365/MG;Oeste;Choque - Elemento de Drenagem;;;1;;;;;;;;1;;;;
11/06/2021;15:43:04;191;ac02 - Acidente com vítima;687,7;BR-365/MG;Oeste;Choque - New jersey;1;;;;;;;;;;1;;1;;
11/06/2021;20:17:09;282;ac02 - Acidente com vítima;82;BR-364/GO;Oeste;Atropelamento de Animal;1;;;;;;;;;;0;4;;;
12/06/2021;06:09:33;34;ac03 - Acidente com vítima ilesa;689,5;BR-365/MG;Leste;Choque - Elemento de Drenagem;1;;;;;;;;;;1;;;;
12/06/2021;21:40:51;298;ac02 - Acidente com vítima;745,5;BR-365/MG;Leste;Queda de Carro;;;;;;;;;;1;0;1;;;
13/06/2021;19:04:21;221;ac03 - Acidente com vítima ilesa;644;BR-365/MG;Leste;Colisão Traseira;1;;;;;;;;;;0;;;;
13/06/2021;19:48:30;237;ac03 - Acidente com vítima ilesa;634;BR-365/MG;Leste;Colisão Traseira;1;;;;;1;;;;;1;;;;
15/06/2021;19:11:17;260;ac03 - Acidente com vítima ilesa;168,61;BR-364/GO;Oeste;Queda de Carro;1;;;;;;;;;;1;;;;
16/06/2021;07:15:25;33;ac02 - Acidente com vítima;832,6;BR-365/MG;Leste;Colisão Traseira;;;1;;;;;;;1;1;1;;;