data;horario;n_da_ocorrencia;tipo_de_ocorrencia;km;trecho;sentido;tipo_de_acidente;automovel;bicicleta;caminhao;moto;onibus;outros;tracao_animal;transporte_de_cargas_especiais;trator_maquinas;utilitarios;ilesos;levemente_feridos;moderadamente_feridos;gravemente_feridos;mortos
19/09/2021;06:29:05;43;ac03 - Acidente com vítima ilesa;732;BR-365/MG;Oeste;Atropelamento de Animal;1;;;;;;;;;;4;;;;
19/09/2021;20:22:36;304;ac02 - Acidente com vítima;846,15;BR-365/MG;Oeste;Atropelamento de Animal;1;;;;;;;;;;2;1;;;
21/09/2021;20:24:21;348;ac03 - Acidente com vítima ilesa;846,2;BR-365/MG;Leste;Atropelamento de Animal;;;;;;;;;;1;3;;;;
22/09/2021;00:02:13;1;ac03 - Acidente com vítima ilesa;844,45;BR-365/MG;Oeste;Atropelamento de Animal;1;;;;;;;;;;2;;;;
22/09/2021;10:14:09;149;ac03 - Acidente com vítima ilesa;651,8;BR-365/MG;Leste;Capotamento;1;;;;;;;;;;0;;;;
23/09/2021;05:07:15;44;ac03 - Acidente com vítima ilesa;29,3;BR-364/GO;Oeste;Choque - Talude ou Barranco;;;;;;;;;;1;3;;;;
23/09/2021;13:53:20;227;ac03 - Acidente com vítima ilesa;649,8;BR-365/MG;Oeste;Tombamento;;;1;;;;;;;;1;;;;
23/09/2021;16:42:10;273;ac03 - Acidente com vítima ilesa;5;BR-364/GO;Leste;Colisão Traseira;;;2;;;;;;;;2;;;;
23/09/2021;20:40:30;335;ac03 - Acidente com vítima ilesa;127;BR-364/GO;Oeste;Atropelamento de Animal;;;;;;;;;;1;2;;;;
24/09/2021;01:14:11;17;ac03 - Acidente com vítima ilesa;778,4;BR-365/MG;Oeste;Choque - Talude ou Barranco;;;;;;;;;;1;2;;;;
24/09/2021;22:17:55;393;ac03 - Acidente com vítima ilesa;643,2;BR-365/MG;Leste;Choque - Elemento de Drenagem;;;;;;;;;;1;1;;;;
25/09/2021;19:44:41;314;ac03 - Acidente com vítima ilesa;789,8;BR-365/MG;Oeste;Choque - Talude ou Barranco;1;;;;;;;;;;1;;;;
26/09/2021;00:18:00;2;ac02 - Acidente com vítima;757;BR-365/MG;Leste;Choque - Meio fio;;;;1;;;;;;;0;1;;;
26/09/2021;05:31:22;26;ac03 - Acidente com vítima ilesa;798;BR-365/MG;Oeste;Atropelamento de Animal;1;;;;;;;;;;1;;;;
26/09/2021;11:10:36;126;ac03 - Acidente com vítima ilesa;185,55;BR-364/GO;Leste;Choque - Defensa metálica;;;;;;;;;;1;1;;;;
26/09/2021;18:22:08;259;ac02 - Acidente com vítima;755,2;BR-365/MG;Oeste;Capotamento;;;;;;;;;;1;1;1;1;;
26/09/2021;19:23:47;284;ac03 - Acidente com vítima ilesa;649;BR-365/MG;Oeste;Choque - Elemento de Drenagem;1;;;;;;;;;;1;;;;
26/09/2021;19:49:02;296;ac03 - Acidente com vítima ilesa;637;BR-365/MG;Leste;Choque - Talude ou Barranco;;;;;;;;;;1;1;;;;
26/09/2021;21:41:50;326;ac03 - Acidente com vítima ilesa;713,9;BR-365/MG;Leste;Atropelamento de Animal;1;;;;;;;;;;2;;;;
28/09/2021;14:06:26;204;ac03 - Acidente com vítima ilesa;848;BR-365/MG;Oeste;Choque - Veiculo parado no acostamento;;;;;;;;;;2;1;;;;
30/09/2021;04:13:46;28;ac02 - Acidente com vítima;9,03;BR-364/GO;Oeste;Choque - Sinalização;;;;1;;;;;;;0;;;1;
01/10/2021;04:10:52;16;ac03 - Acidente com vítima ilesa;841,3;BR-365/MG;Leste;Atropelamento de Animal;1;;;;;;;;;;1;;;;
01/10/2021;07:16:58;47;ac03 - Acidente com vítima ilesa;645;BR-365/MG;Oeste;Colisão Traseira;;;;;;1;;;;2;5;;;;
01/10/2021;18:45:47;311;ac02 - Acidente com vítima;53,7;BR-364/GO;Leste;Colisão Transversal;1;;;;;;;;;1;3;1;;;
02/10/2021;04:55:53;17;ac03 - Acidente com vítima ilesa;756,6;BR-365/MG;Leste;Choque - Meio fio;1;;;;;;;;;;1;;;;
02/10/2021;11:21:27;148;ac03 - Acidente com vítima ilesa;730,2;BR-365/MG;Oeste;Choque - Elemento de Drenagem;;;;;;;;;;1;2;;;;
03/10/2021;21:33:03;322;ac02 - Acidente com vítima;113;BR-364/GO;Leste;Choque - Meio fio;1;;;;;;;;;;0;1;;;
04/10/2021;17:46:02;282;ac02 - Acidente com vítima;2,02;BR-364/GO;Oeste;Colisão Traseira;1;;;;;;;;;1;0;1;;;
05/10/2021;19:29:03;322;ac03 - Acidente com vítima ilesa;793,3;BR-365/MG;Leste;Choque - Talude ou Barranco;;;;;;;;;;1;4;;;;
05/10/2021;23:26:17;372;ac03 - Acidente com vítima ilesa;120;BR-364/GO;Oeste;Tombamento;;;1;;;;;;;;1;;;;
06/10/2021;21:36:40;387;ac02 - Acidente com vítima;147;BR-364/GO;Leste;Choque - New jersey;;;1;;;;;;;;0;1;;;
07/10/2021;13:01:12;212;ac03 - Acidente com vítima ilesa;139,9;BR-364/GO;Oeste;Choque - Sinalização;1;;;;;;;;;;1;;;;
07/10/2021;13:14:14;216;ac03 - Acidente com vítima ilesa;779,6;BR-365/MG;Oeste;Colisão Traseira;1;;1;;;;;;;;2;;;;
08/10/2021;18:04:04;303;ac02 - Acidente com vítima;112;BR-364/GO;Oeste;Colisão lateral no mesmo sentido;1;;;1;;;;;;;1;1;1;;
12/10/2021;09:22:50;85;ac02 - Acidente com vítima;699,25;BR-365/MG;Leste;Queda de Moto;;;;1;;;;;;;0;;;1;
12/10/2021;19:44:53;259;ac02 - Acidente com vítima;706,5;BR-365/MG;Leste;Atropelamento - Pedestre;;;1;;;;;;;;0;;;1;
13/10/2021;00:41:29;4;ac03 - Acidente com vítima ilesa;629;BR-365/MG;Leste;Choque - Meio fio;1;;;;;;;;;;1;;;;
14/10/2021;21:25:06;256;ac03 - Acidente com vítima ilesa;710;BR-365/MG;Leste;Colisão lateral no mesmo sentido;;;2;;;;;;;;1;;;;
15/10/2021;20:47:59;328;ac03 - Acidente com vítima ilesa;706,8;BR-365/MG;Leste;Colisão Transversal;1;;;;;;;;;1;2;;;;
16/10/2021;05:04:05;22;ac03 - Acidente com vítima ilesa;100,5;BR-364/GO;Leste;Atropelamento de Animal;1;;1;;;;;;;;3;;;;
16/10/2021;12:30:38;145;ac02 - Acidente com vítima;756,2;BR-365/MG;Oeste;Colisão Transversal;1;;;1;;;;;;;1;1;;;
16/10/2021;15:23:45;211;ac03 - Acidente com vítima ilesa;743,8;BR-365/MG;Leste;Engavetamento;2;;;;;1;;;;;8;;;;
16/10/2021;20:11:48;280;ac03 - Acidente com vítima ilesa;105,8;BR-364/GO;Oeste;Atropelamento de Animal;;;;;;;;;;1;2;;;;
18/10/2021;12:54:36;183;ac03 - Acidente com vítima ilesa;706,5;BR-365/MG;Oeste;Colisão Traseira;;;2;;;;;;;;2;;;;
19/10/2021;14:29:18;209;ac02 - Acidente com vítima;156,55;BR-364/GO;Leste;Atropelamento - Funcionário;;;;;;1;;;;;0;1;;;
19/10/2021;16:26:17;240;ac03 - Acidente com vítima ilesa;709,5;BR-365/MG;Oeste;Colisão lateral no sentido contrário;1;;1;;;1;;;;;2;;;;
21/10/2021;19:02:17;301;ac02 - Acidente com vítima;749,7;BR-365/MG;Oeste;Queda de Moto;;;;1;;;;;;;0;1;;;
22/10/2021;01:04:26;8;ac03 - Acidente com vítima ilesa;757;BR-365/MG;Leste;Choque - Meio fio;1;;;;;;;;;;2;;;;
22/10/2021;07:50:23;79;ac02 - Acidente com vítima;675,458;BR-365/MG;Oeste;Objeto lançado contra veículo;1;;;;;1;;;;;1;;;1;
23/10/2021;11:46:30;153;ac03 - Acidente com vítima ilesa;650;BR-365/MG;Oeste;Tombamento;;;1;;;;;;;;1;;;;
23/10/2021;22:44:53;344;ac01 - Acidente com vitima fatal;634;BR-365/MG;Oeste;Colisão Traseira;;;;2;;;;;;;1;;;;1
24/10/2021;00:29:29;5;ac03 - Acidente com vítima ilesa;634,5;BR-365/MG;Oeste;Colisão Traseira;1;;;;;1;;;;;5;;;;
24/10/2021;01:12:29;9;ac03 - Acidente com vítima ilesa;148,11;BR-364/GO;Leste;Choque - Arvore;;;;;;;;;;1;1;;;;
24/10/2021;05:52:13;37;ac02 - Acidente com vítima;661,6;BR-365/MG;Leste;Choque - Sinalização;;;1;;;;;;;;0;1;;;
24/10/2021;07:28:32;64;ac02 - Acidente com vítima;862,75;BR-365/MG;Leste;Capotamento;;;;;;;;;;1;1;2;;;
24/10/2021;10:18:48;113;ac03 - Acidente com vítima ilesa;681,05;BR-365/MG;Leste;Choque - Sinalização;1;;;;;;;;;;3;;;;
24/10/2021;19:06:25;234;ac02 - Acidente com vítima;733,5;BR-365/MG;Leste;Colisão Frontal;2;;;;;;;;;;0;3;;;
25/10/2021;01:08:15;11;ac03 - Acidente com vítima ilesa;174;BR-364/GO;Oeste;Choque - Elemento de Drenagem;1;;;;;;;;;;1;;;;
25/10/2021;11:07:59;136;ac03 - Acidente com vítima ilesa;749,9;BR-365/MG;Oeste;Tombamento;;;1;;;;;;;;1;;;;
25/10/2021;19:30:59;290;ac03 - Acidente com vítima ilesa;749;BR-365/MG;Oeste;Queda de Moto;;;;1;;;;;;;0;;;;
26/10/2021;06:49:00;30;ac02 - Acidente com vítima;118,7;BR-364/GO;Leste;Capotamento;1;;;;;;;;;;0;1;;;
26/10/2021;10:14:11;108;ac03 - Acidente com vítima ilesa;748,8;BR-365/MG;Leste;Colisão Traseira;2;;;;;;;;;;2;;;;
26/10/2021;10:28:16;111;ac02 - Acidente com vítima;753,2;BR-365/MG;Leste;Colisão lateral no mesmo sentido;1;;;;;1;;;;;0;1;;;
27/10/2021;17:31:49;272;ac03 - Acidente com vítima ilesa;189;BR-364/GO;Leste;Capotamento;;;;;;;;;;1;1;;;;
27/10/2021;18:23:00;288;ac03 - Acidente com vítima ilesa;633;BR-365/MG;Leste;Colisão Traseira;1;;;;;;;;;1;3;;;;
28/10/2021;13:33:57;193;ac03 - Acidente com vítima ilesa;649,5;BR-365/MG;Oeste;Engavetamento;1;;2;;;;;;;;5;;;;
28/10/2021;14:01:34;203;ac02 - Acidente com vítima;754,2;BR-365/MG;Oeste;Queda de Moto;;;;1;;;;;;;0;1;;;
28/10/2021;23:55:42;347;ac03 - Acidente com vítima ilesa;858,7;BR-365/MG;Oeste;Atropelamento de Animal;1;;;;;;;;;;3;;;;
29/10/2021;03:01:40;19;ac01 - Acidente com vitima fatal;648;BR-365/MG;Leste;Atropelamento - Pedestre;;;;;1;;;;;;1;;;;1
29/10/2021;07:59:32;80;ac03 - Acidente com vítima ilesa;793;BR-365/MG;Oeste;Colisão lateral no sentido contrário;;;;1;;1;;;;;2;;;;
29/10/2021;17:24:45;302;ac03 - Acidente com vítima ilesa;17;BR-364/GO;Oeste;Atropelamento de Animal;1;;;;;;;;;;0;;;;
30/10/2021;14:05:41;198;ac02 - Acidente com vítima;156,55;BR-364/GO;Leste;Engavetamento;1;;1;1;;;;;;;3;1;;;
30/10/2021;16:56:01;256;ac03 - Acidente com vítima ilesa;759,83;BR-365/MG;Oeste;Choque - Talude ou Barranco;1;;;;;;;;;;2;;;;
30/10/2021;20:32:11;298;ac02 - Acidente com vítima;850,6;BR-365/MG;Oeste;Colisão Traseira;2;;;;;1;;;;;4;1;;;
31/10/2021;06:27:02;32;ac02 - Acidente com vítima;771,12;BR-365/MG;Leste;Choque - Outros;1;;;;;;;;;;0;1;;;
31/10/2021;14:53:20;177;ac01 - Acidente com vitima fatal;727,007;BR-365/MG;Leste;Colisão Frontal;1;;1;;;;;;;;1;;;;5
31/10/2021;15:28:05;182;ac03 - Acidente com vítima ilesa;725,5;BR-365/MG;Oeste;Colisão Traseira;1;;1;;;;;;;;2;;;;
31/10/2021;17:22:07;221;ac02 - Acidente com vítima;643;BR-365/MG;Leste;Capotamento;;;;;;1;;;;1;0;2;;;
31/10/2021;22:01:34;268;ac03 - Acidente com vítima ilesa;832,1;BR-365/MG;Leste;Colisão lateral no sentido contrário;2;;;;;;;;;;5;;;;
31/10/2021;23:33:29;273;ac03 - Acidente com vítima ilesa;858,9;BR-365/MG;Leste;Choque - Meio fio;1;;;;;;;;;;4;;;;
14/12/2021;08:25:00;72;Sem vítima;171,540;BR-364/MG;Crescente;Colisão traseira;0;0;1;0;0;1;0;0;0;0;2;0;0;0;0
29/12/2021;21:05:00;291;Sem vítima;663,000;BR-365/MG;Decrescente;Choque;0;0;0;0;0;1;0;0;0;0;1;0;0;0;0
30/12/2021;18:26:00;239;Sem vítima;673,000;BR-365/MG;Decrescente;Choque;0;0;0;0;0;0;0;0;0;1;1;0;0;0;0
30/12/2021;21:14:00;289;Com vítima;626,600;BR-365/MG;Decrescente;Colisão frontal;1;0;0;0;0;0;0;0;0;1;1;1;0;0;0
31/12/2021;02:37:00;13;Sem vítima;841,000;BR-365/MG;Decrescente;Atropelamento de animal;0;0;0;0;0;0;0;0;0;1;1;0;0;0;0
02/01/2022;05:09:00;17;Sem vítima;843,500;BR-365/MG;Decrescente;Atropelamento de animal;1;0;0;0;0;0;0;0;0;0;1;0;0;0;0
02/01/2022;16:42:00;184;Sem vítima;70,800;BR-364/MG;Decrescente;Choque;1;0;0;0;0;0;0;0;0;0;4;0;0;0;0
05/01/2022;14:42:00;221;Com vítima;643,150;BR-365/MG;Decrescente;Choque;1;0;0;0;0;0;0;0;0;0;0;1;0;0;0
06/01/2022;12:51:00;152;Sem vítima;178,600;BR-364/MG;Crescente;Colisão lateral no mesmo sentido;1;0;0;0;0;1;0;0;0;0;3;0;0;0;0
07/01/2022;03:48:00;12;Com vítima;739,400;BR-365/MG;Decrescente;Choque;0;0;1;0;0;0;0;0;0;0;0;1;0;0;0
07/01/2022;13:21:00;159;Sem vítima;704,250;BR-365/MG;Crescente;Choque;1;0;0;0;0;0;0;0;0;0;4;0;0;0;0
07/01/2022;15:08:00;184;Sem vítima;672,000;BR-365/MG;Crescente;Choque;1;0;0;0;0;0;0;0;0;0;2;0;0;0;0
07/01/2022;15:29:00;192;Sem vítima;678,000;BR-365/MG;Decrescente;Choque;0;0;0;0;0;0;0;0;0;1;1;0;0;0;0
08/01/2022;12:27:00;180;Sem vítima;643,150;BR-365/MG;Decrescente;Choque;1;0;0;0;0;0;0;0;0;0;1;0;0;0;0
08/01/2022;12:51:00;189;Com vítima;643,150;BR-365/MG;Decrescente;Capotamento;0;0;0;0;0;0;0;0;0;1;1;0;2;0;0
08/01/2022;15:10:00;232;Com vítima;685,800;BR-365/MG;Crescente;Choque;0;0;0;0;0;0;0;0;0;1;3;1;0;0;0
08/01/2022;15:27:00;239;Sem vítima;685,800;BR-365/MG;Crescente;Colisão traseira;1;0;0;0;0;0;0;0;0;0;1;0;0;0;0
08/01/2022;18:05:00;285;Sem vítima;676,000;BR-365/MG;Crescente;Capotamento;0;0;0;0;0;0;0;0;0;1;1;0;0;0;0
09/01/2022;12:18:00;146;Sem vítima;647,900;BR-365/MG;Crescente;Choque;1;0;0;0;0;0;0;0;0;0;1;0;0;0;0
09/01/2022;17:26:00;219;Com vítima;674,050;BR-365/MG;Decrescente;Choque;1;0;0;0;0;0;0;0;0;0;0;1;0;0;0
09/01/2022;21:54:00;274;Com vítima;137,000;BR-364/MG;Crescente;Choque;1;0;0;0;0;0;0;0;0;0;0;1;0;0;0
09/01/2022;22:29:00;280;Com vítima;108,200;BR-364/MG;Decrescente;Queda de moto;0;0;0;1;0;0;0;0;0;0;1;0;1;0;0
10/01/2022;21:35:00;310;Com vítima;691,700;BR-365/MG;Crescente;Capotamento;1;0;0;0;0;0;0;0;0;0;0;3;2;0;0
11/01/2022;11:36:00;167;Sem vítima;662,000;BR-365/MG;Crescente;Choque;1;0;0;0;0;0;0;0;0;0;1;0;0;0;0
12/01/2022;09:38:00;128;Com vítima;665,000;BR-365/MG;Decrescente;Atropelamento de animal;0;0;0;0;0;0;0;0;0;1;1;2;0;0;0
13/01/2022;21:57:00;300;Com vítima;706,000;BR-365/MG;Crescente;Colisão lateral no mesmo sentido;0;0;0;0;0;2;0;0;0;0;1;1;0;0;0
15/01/2022;02:46:00;15;Sem vítima;749,000;BR-365/MG;Crescente;Acidentes de outra natureza;0;0;0;0;0;0;0;0;0;1;2;0;0;0;0
16/01/2022;17:13:00;222;Sem vítima;641,780;BR-365/MG;Crescente;Choque;1;0;0;0;0;0;0;0;0;0;1;0;0;0;0
16/01/2022;17:45:00;228;Com vítima;829,150;BR-365/MG;Crescente;Colisão frontal;2;0;0;0;0;0;0;0;0;0;0;4;0;0;0
16/01/2022;20:07:00;276;Sem vítima;837,800;BR-365/MG;Crescente;Atropelamento de animal;0;0;0;0;0;0;0;0;0;1;1;0;0;0;0
17/01/2022;10:54:00;125;Com vítima;1,790;BR-364/MG;Decrescente;Queda de bicicleta;0;1;0;0;0;0;0;0;0;0;0;1;0;0;0
19/01/2022;10:06:00;123;Com vítima;689,000;BR-365/MG;Decrescente;Colisão traseira;0;0;1;1;0;0;0;0;0;0;1;0;0;1;0
20/01/2022;17:50:00;277;Sem vítima;170,140;BR-364/MG;Decrescente;Choque;0;0;0;0;0;0;0;0;0;1;2;0;0;0;0
21/01/2022;01:50:00;15;Com vítima;641,900;BR-365/MG;Decrescente;Choque;0;0;0;0;0;0;0;0;0;1;0;1;0;0;0
22/01/2022;11:07:00;134;Com vítima;89,000;BR-364/MG;Crescente;Colisão transversal;0;0;0;0;0;2;0;0;0;0;1;1;0;0;0
22/01/2022;12:34:00;145;Sem vítima;628,100;BR-365/MG;Crescente;Choque;1;0;0;0;0;0;0;0;0;0;3;0;0;0;0
24/01/2022;09:48:00;111;Sem vítima;187,850;BR-364/MG;Decrescente;Tombamento;0;0;0;0;0;1;0;0;0;0;1;0;0;0;0
24/01/2022;10:56:00;155;Sem vítima;651,000;BR-365/MG;Decrescente;Choque;1;0;0;0;0;0;0;0;0;0;2;0;0;0;0
25/01/2022;11:56:00;138;Sem vítima;666,100;BR-365/MG;Crescente;Choque;0;0;0;0;0;1;0;0;0;0;1;0;0;0;0
26/01/2022;04:43:00;17;Sem vítima;677,000;BR-365/MG;Decrescente;Capotamento;1;0;0;0;0;0;0;0;0;0;1;0;0;0;0
26/01/2022;10:52:00;135;Com vítima;160,180;BR-364/MG;Decrescente;Colisão traseira;1;0;1;0;0;0;0;0;0;0;3;1;0;0;0
26/01/2022;18:45:00;273;Sem vítima;667,200;BR-365/MG;Decrescente;Colisão lateral no mesmo sentido;0;0;0;1;0;1;0;0;0;0;4;0;0;0;0
27/01/2022;06:49:00;54;Sem vítima;704,000;BR-365/MG;Crescente;Choque;0;0;0;0;0;1;0;0;0;0;1;0;0;0;0
27/01/2022;22:25:00;382;Com vítima;626,800;BR-365/MG;Decrescente;Queda de bicicleta;0;1;0;0;0;0;0;0;0;0;0;1;0;0;0
28/01/2022;08:27:00;79;Com vítima;89,120;BR-364/MG;Crescente;Colisão transversal;1;0;0;0;0;0;0;0;0;1;1;3;0;0;0
28/01/2022;21:19:00;321;Sem vítima;153,540;BR-364/MG;Decrescente;Atropelamento de animal;1;0;0;0;0;0;0;0;0;0;1;0;0;0;0
29/01/2022;18:01:00;228;Com vítima;734,880;BR-365/MG;Crescente;Queda de moto;0;0;0;1;0;0;0;0;0;0;2;2;0;0;0
30/01/2022;21:19:00;272;Com vítima;700,000;BR-365/MG;Decrescente;Choque;0;0;0;0;0;0;0;0;0;1;3;1;0;0;0
01/02/2022;16:41:00;203;Com vítima;636,000;BR-365/MG;Decrescente;Choque;1;0;0;0;0;0;0;0;0;0;0;0;1;0;0
02/02/2022;11:31:00;152;Sem vítima;668,760;BR-365/MG;Decrescente;Tombamento;0;0;0;0;0;1;0;0;0;0;1;0;0;0;0
03/02/2022;06:51:00;49;Sem vítima;673,000;BR-365/MG;Decrescente;Choque;0;0;1;0;0;0;0;0;0;0;1;0;0;0;0
03/02/2022;13:25:00;204;Sem vítima;706,345;BR-365/MG;Decrescente;Colisão lateral no mesmo sentido;1;0;0;0;0;0;0;0;0;0;4;0;0;0;0
05/02/2022;09:49:00;122;Com vítima;183,610;BR-364/MG;Decrescente;Colisão transversal;0;0;0;0;0;2;0;0;0;0;1;1;0;0;0
08/02/2022;08:08:00;50;Sem vítima;736,750;BR-365/MG;Crescente;Engavetamento;0;0;1;0;1;0;0;0;0;1;4;0;0;0;0
09/02/2022;00:07:00;3;Sem vítima;685,600;BR-365/MG;Decrescente;Atropelamento de animal;0;0;0;1;0;0;0;0;0;0;1;0;0;0;0
11/02/2022;19:05:00;286;Com vítima;839,000;BR-365/MG;Decrescente;Choque;0;0;0;0;0;0;0;0;0;1;0;0;1;0;0
12/02/2022;16:49:00;237;Com vítima;643,210;BR-365/MG;Decrescente;Capotamento;0;0;0;0;0;0;0;0;0;1;1;1;0;0;0
12/02/2022;18:44:00;268;Sem vítima;702,300;BR-365/MG;Decrescente;Acidentes de outra natureza;1;0;0;0;0;1;0;0;0;0;3;0;0;0;0
13/02/2022;07:12:00;46;Com vítima;740,443;BR-365/MG;Decrescente;Capotamento;1;0;0;0;0;0;0;0;0;0;0;1;0;0;0
14/02/2022;11:44:00;170;Sem vítima;156,550;BR-364/MG;Crescente;Colisão traseira;0;0;1;0;0;1;0;0;0;0;3;0;0;0;0
14/02/2022;12:14:00;186;Com vítima;149,000;BR-364/MG;Decrescente;Capotamento;0;0;0;0;0;0;0;0;0;1;0;0;1;0;0
15/02/2022;15:23:00;247;Sem vítima;179,850;BR-364/MG;Crescente;Colisão traseira;0;0;1;0;0;1;0;0;0;0;2;0;0;0;0
16/02/2022;07:26:00;60;Sem vítima;628,800;BR-365/MG;Crescente;Colisão traseira;2;0;0;0;0;0;0;0;0;0;2;0;0;0;0
19/02/2022;16:18:00;202;Sem vítima;149,900;BR-364/MG;Crescente;Capotamento;0;0;0;0;0;0;0;0;0;1;4;0;0;0;0
20/02/2022;17:43:00;217;Com vítima;674,000;BR-365/MG;Decrescente;Choque;1;0;0;0;0;0;0;0;0;0;1;1;0;0;0
21/02/2022;19:38:00;348;Com vítima;735,000;BR-365/MG;Crescente;Colisão traseira;1;0;1;0;0;0;0;0;0;0;1;1;0;0;0
22/02/2022;23:03:00;336;Com vítima;665,000;BR-365/MG;Crescente;Choque;1;0;0;0;0;0;0;0;0;0;0;1;0;0;0
23/02/2022;09:28:00;118;Sem vítima;167,550;BR-364/MG;Decrescente;Queda de moto;0;0;0;1;0;0;0;0;0;0;1;0;0;0;0
24/02/2022;19:51:00;329;Com vítima;176,089;BR-364/MG;Decrescente;Colisão lateral em sentido contrário;0;0;0;0;0;0;0;0;0;2;3;1;0;0;0
25/02/2022;14:28:00;257;Sem vítima;628,000;BR-365/MG;Crescente;Colisão lateral no mesmo sentido;1;0;0;0;0;0;0;0;0;1;5;0;0;0;0
25/02/2022;18:30:00;325;Sem vítima;175,000;BR-364/MG;Decrescente;Queda de moto;0;0;0;1;0;0;0;0;0;0;2;0;0;0;0
28/02/2022;00:17:00;6;Com vítima;173,930;BR-364/MG;Decrescente;Choque;0;0;0;0;0;1;0;0;0;0;0;0;1;0;0
28/02/2022;01:26:00;14;Sem vítima;706,000;BR-365/MG;Decrescente;Choque;0;0;1;0;0;0;0;0;0;0;2;0;0;0;0
28/02/2022;13:35:00;190;Com vítima;174,000;BR-364/MG;Decrescente;Colisão transversal;0;0;0;1;0;1;0;0;0;0;1;0;0;1;0
02/03/2022;16:39:00;287;Com vítima;152,000;BR-364/MG;Crescente;Colisão traseira;0;0;1;0;0;0;0;0;0;1;2;0;4;0;0
03/03/2022;09:34:00;129;Sem vítima;654,800;BR-365/MG;Crescente;Colisão traseira;0;0;0;0;0;1;0;0;0;1;3;0;0;0;0
03/03/2022;14:28:00;249;Com vítima;706,000;BR-365/MG;Crescente;Tombamento;0;0;0;0;0;1;0;0;0;0;0;1;0;0;0
03/03/2022;21:03:00;353;Sem vítima;643,000;BR-365/MG;Decrescente;Choque;1;0;0;0;0;0;0;0;0;0;2;0;0;0;0
05/03/2022;08:46:00;98;Com vítima;678,600;BR-365/MG;Decrescente;Queda de moto;0;0;0;1;0;0;0;0;0;0;0;0;1;0;0