data;horario;n_da_ocorrencia;tipo_de_ocorrencia;km;trecho;sentido;tipo_de_acidente;automovel;bicicleta;caminhao;moto;onibus;outros;tracao_animal;transporte_de_cargas_especiais;trator_maquinas;utilitarios;ilesos;levemente_feridos;moderadamente_feridos;gravemente_feridos;mortos
06/03/2022;04:51:00;27;Com vítima;826,200;BR-365/MG;Decrescente;Colisão frontal;1;0;0;1;0;0;0;0;0;0;2;1;0;1;1
08/03/2022;03:15:00;25;Sem vítima;688,000;BR-365/MG;Crescente;Atropelamento de animal;0;0;1;0;0;0;0;0;0;0;1;0;0;0;0
09/03/2022;05:16:00;29;Com vítima;855,300;BR-365/MG;Decrescente;Colisão lateral no mesmo sentido;0;0;0;0;1;0;0;0;1;0;8;1;0;0;0
10/03/2022;08:19:00;85;Sem vítima;93,120;BR-364/MG;Crescente;Colisão transversal;1;0;0;0;0;1;0;0;0;0;4;0;0;0;0
10/03/2022;19:55:00;356;Com vítima;868,000;BR-365/MG;Decrescente;Colisão lateral no mesmo sentido;0;0;0;0;0;0;0;0;0;1;0;0;1;0;0
11/03/2022;14:10:00;207;Sem vítima;648,200;BR-365/MG;Decrescente;Choque;1;0;0;0;0;0;0;0;0;0;2;0;0;0;0
11/03/2022;16:38:00;253;Sem vítima;680,920;BR-365/MG;Crescente;Choque;0;0;0;0;0;1;0;0;0;0;1;0;0;0;0
12/03/2022;03:15:00;24;Sem vítima;706,000;BR-365/MG;Crescente;Choque;0;0;1;0;0;0;0;0;0;0;2;0;0;0;0
12/03/2022;13:48:00;158;Sem vítima;681,170;BR-365/MG;Decrescente;Choque;1;0;0;0;0;0;0;0;0;0;3;0;0;0;0
12/03/2022;23:32:00;318;Sem vítima;133,100;BR-364/MG;Decrescente;Choque;1;0;0;0;0;0;0;0;0;0;3;0;0;0;0
13/03/2022;06:12:00;32;Sem vítima;750,000;BR-365/MG;Decrescente;Queda de moto;0;0;0;1;0;0;0;0;0;0;2;0;0;0;0
13/03/2022;06:19:00;35;Sem vítima;750,000;BR-365/MG;Decrescente;Choque;0;0;0;0;1;0;0;0;0;0;1;0;0;0;0
13/03/2022;17:23:00;206;Com vítima;696,700;BR-365/MG;Crescente;Queda de moto;0;0;0;1;0;0;0;0;0;0;0;1;1;0;0
13/03/2022;19:55:00;253;Sem vítima;847,080;BR-365/MG;Decrescente;Atropelamento de animal;1;0;0;0;0;0;0;0;0;0;3;0;0;0;0
17/03/2022;12:15:00;179;Sem vítima;695,800;BR-365/MG;Crescente;Choque;1;0;0;0;0;0;0;0;0;0;1;0;0;0;0
18/03/2022;12:26:00;163;Com vítima;749,600;BR-365/MG;Crescente;Tombamento;0;0;0;0;0;1;0;0;0;0;0;1;0;0;0
18/03/2022;15:39:00;235;Com vítima;655,600;BR-365/MG;Decrescente;Engavetamento;0;0;1;0;0;0;0;0;0;2;3;4;0;0;0
18/03/2022;19:20:00;297;Sem vítima;645,000;BR-365/MG;Decrescente;Colisão traseira;1;0;1;0;0;0;0;0;0;0;2;0;0;0;0
18/03/2022;21:45:00;338;Sem vítima;111,900;BR-364/MG;Decrescente;Colisão traseira;2;0;0;0;0;0;0;0;0;0;6;0;0;0;0
19/03/2022;00:35:00;4;Sem vítima;689,000;BR-365/MG;Decrescente;Choque;0;0;0;0;0;1;0;0;0;0;1;0;0;0;0
19/03/2022;06:22:00;37;Com vítima;687,090;BR-365/MG;Decrescente;Choque;0;0;0;0;0;1;0;0;0;0;0;1;0;0;0
20/03/2022;08:54:00;74;Sem vítima;89,000;BR-364/MG;Crescente;Colisão transversal;0;0;0;0;0;2;0;0;0;0;2;0;0;0;0
24/03/2022;08:34:00;81;Sem vítima;683,030;BR-365/MG;Decrescente;Choque;1;0;0;0;0;0;0;0;0;0;1;0;0;0;0
25/03/2022;01:59:00;15;Com vítima;650,470;BR-365/MG;Crescente;Choque;0;0;1;0;0;0;0;0;0;0;0;1;0;0;0
25/03/2022;02:46:00;21;Com vítima;649,000;BR-365/MG;Decrescente;Atropelamento de animal;0;0;0;0;0;1;0;0;0;0;0;0;1;0;0
25/03/2022;03:29:00;24;Sem vítima;641,210;BR-365/MG;Crescente;Choque;1;0;0;0;0;0;0;0;0;0;1;0;0;0;0
25/03/2022;20:08:00;316;Com vítima;638,000;BR-365/MG;Decrescente;Atropelamento de animal;1;0;0;0;0;0;0;0;0;0;0;0;1;0;0
26/03/2022;02:54:00;22;Com vítima;638,400;BR-365/MG;Crescente;Atropelamento de animal;0;0;0;0;0;1;0;0;0;0;0;0;1;0;0
26/03/2022;14:01:00;210;Com vítima;69,900;BR-364/MG;Crescente;Engavetamento;2;0;0;0;0;1;0;0;0;0;3;0;0;1;0
28/03/2022;14:04:00;188;Com vítima;627,800;BR-365/MG;Crescente;Choque;0;0;0;0;0;0;0;0;0;1;0;1;0;0;0
29/03/2022;08:33:00;85;Sem vítima;706,000;BR-365/MG;Crescente;Tombamento;0;0;1;0;0;0;0;0;0;0;1;0;0;0;0
31/03/2022;11:44:00;134;Sem vítima;126,300;BR-364/MG;Crescente;Colisão traseira;0;0;1;0;0;0;0;0;0;1;2;0;0;0;0
31/03/2022;15:08:00;185;Sem vítima;643,050;BR-365/MG;Decrescente;Choque;0;0;0;0;0;0;0;0;0;1;2;0;0;0;0
01/04/2022;10:42:00;132;Sem vítima;706,000;BR-365/MG;Decrescente;Colisão lateral no mesmo sentido;0;0;1;0;0;1;0;0;0;0;3;0;0;0;0
01/04/2022;13:27:00;187;Sem vítima;645,600;BR-365/MG;Decrescente;Colisão traseira;1;0;0;0;0;0;0;0;0;1;4;0;0;0;0
01/04/2022;21:00:00;332;Sem vítima;661,500;BR-365/MG;Crescente;Choque;1;0;0;0;0;0;0;0;0;0;3;0;0;0;0
02/04/2022;18:03:00;265;Com vítima;673,100;BR-365/MG;Crescente;Capotamento;1;0;0;0;0;0;0;0;0;0;0;1;0;0;0
02/04/2022;19:42:00;300;Sem vítima;706,000;BR-365/MG;Decrescente;Choque;1;0;0;0;0;0;0;0;0;0;2;0;0;0;0
04/04/2022;00:03:00;1;Sem vítima;173,690;BR-364/MG;Crescente;Choque;1;0;0;0;0;0;0;0;0;0;1;0;0;0;0
04/04/2022;09:11:00;94;Sem vítima;182,000;BR-364/MG;Decrescente;Colisão transversal;0;0;0;0;0;1;0;0;0;1;2;0;0;0;0
05/04/2022;17:16:00;216;Sem vítima;704,350;BR-365/MG;Crescente;Colisão traseira;1;0;0;0;0;0;0;0;0;0;1;0;0;0;0
06/04/2022;16:17:00;248;Com vítima;833,400;BR-365/MG;Crescente;Capotamento;0;0;0;0;0;0;0;0;0;1;0;1;0;1;0
06/04/2022;18:31:00;286;Sem vítima;643,800;BR-365/MG;Decrescente;Choque;1;0;0;0;0;0;0;0;0;0;5;0;0;0;0
06/04/2022;20:53:00;325;Com vítima;100,350;BR-364/MG;Crescente;Colisão frontal;1;0;0;0;0;0;0;0;0;1;0;0;0;2;1
07/04/2022;15:05:00;242;Com vítima;111,050;BR-364/MG;Decrescente;Colisão lateral em sentido contrário;0;0;0;1;0;0;0;0;0;0;0;1;0;0;0
07/04/2022;20:22:00;331;Sem vítima;149,000;BR-364/MG;Decrescente;Colisão traseira;0;0;0;0;0;2;0;0;0;0;2;0;0;0;0
09/04/2022;07:59:00;76;Com vítima;644,000;BR-365/MG;Crescente;Queda de bicicleta;0;1;0;0;0;0;0;0;0;0;0;1;0;0;0
09/04/2022;17:34:00;304;Com vítima;89,000;BR-364/MG;Crescente;Colisão transversal;1;0;0;0;0;1;0;0;0;0;1;0;0;0;1
09/04/2022;19:29:00;340;Com vítima;866,840;BR-365/MG;Decrescente;Choque;1;0;0;0;0;0;0;0;0;0;0;0;1;0;0
10/04/2022;02:39:00;20;Com vítima;749,800;BR-365/MG;Crescente;Choque;0;0;0;1;0;0;0;0;0;0;0;0;1;0;0
10/04/2022;05:01:00;36;Sem vítima;690,160;BR-365/MG;Crescente;Choque;1;0;0;0;0;0;0;0;0;0;3;0;0;0;0
11/04/2022;14:20:00;187;Sem vítima;867,320;BR-365/MG;Crescente;Capotamento;0;0;0;0;0;0;0;0;0;1;1;0;0;0;0
12/04/2022;00:17:00;4;Sem vítima;143,570;BR-364/MG;Crescente;Choque;0;0;0;0;0;1;0;0;0;0;1;0;0;0;0
12/04/2022;04:16:00;19;Sem vítima;649,000;BR-365/MG;Decrescente;Tombamento;0;0;0;0;0;1;0;0;0;0;1;0;0;0;0
12/04/2022;11:54:00;197;Sem vítima;827,210;BR-365/MG;Decrescente;Choque;0;0;1;0;0;0;0;0;0;0;1;0;0;0;0
13/04/2022;15:11:00;195;Sem vítima;680,620;BR-365/MG;Decrescente;Choque;0;0;0;0;0;0;0;0;0;1;2;0;0;0;0
16/04/2022;03:33:00;24;Sem vítima;652,100;BR-365/MG;Decrescente;Choque;0;0;0;0;1;0;0;0;0;1;3;0;0;0;0
16/04/2022;11:06:00;112;Sem vítima;77,020;BR-364/MG;Decrescente;Choque;1;0;0;0;0;0;0;0;0;0;1;0;0;0;0
16/04/2022;19:55:00;225;Com vítima;823,350;BR-365/MG;Crescente;Capotamento;1;0;0;0;0;0;0;0;0;0;0;0;0;1;0
17/04/2022;05:06:00;41;Com vítima;681,000;BR-365/MG;Decrescente;Choque;1;0;0;0;0;0;0;0;0;0;0;0;1;0;1
17/04/2022;17:00:00;205;Com vítima;137,570;BR-364/MG;Crescente;Tombamento;0;0;0;0;0;1;0;0;0;0;0;1;0;0;0
21/04/2022;11:46:00;180;Sem vítima;667,300;BR-365/MG;Crescente;Colisão traseira;0;0;1;0;0;1;0;0;0;0;3;0;0;0;0
02/05/2022;13:51:00;172;Com vítima;672,500;BR-365/MG;Crescente;Capotamento;1;0;0;0;0;0;0;0;0;0;0;0;0;1;0
04/05/2022;10:05:00;101;Sem vítima;645,500;BR-365/MG;Crescente;Colisão traseira;1;0;1;0;0;0;0;0;0;0;2;0;0;0;0
04/05/2022;11:01:00;121;Sem vítima;634,600;BR-365/MG;Crescente;Acidentes de outra natureza;1;0;0;0;0;0;0;0;0;0;2;0;0;0;0
04/05/2022;13:32:00;157;Sem vítima;644,810;BR-365/MG;Decrescente;Choque;0;0;1;0;0;0;0;0;0;0;1;0;0;0;0
06/05/2022;08:31:00;99;Sem vítima;670,300;BR-365/MG;Crescente;Choque;1;0;0;0;0;0;0;0;0;0;1;0;0;0;0
06/05/2022;10:19:00;139;Sem vítima;645,400;BR-365/MG;Crescente;Colisão traseira;0;0;0;0;0;1;0;0;0;1;6;0;0;0;0
08/05/2022;16:47:00;201;Sem vítima;744,650;BR-365/MG;Decrescente;Choque;0;0;0;0;0;0;0;0;0;1;5;0;0;0;0
11/05/2022;15:38:00;296;Com vítima;654,000;BR-365/MG;Decrescente;Capotamento;0;0;0;0;0;0;0;0;0;1;0;4;0;0;0
13/05/2022;18:55:00;351;Sem vítima;174,050;BR-364/MG;Crescente;Choque;0;0;0;0;0;0;0;0;0;1;2;0;0;0;0
15/05/2022;18:10:00;204;Sem vítima;706,000;BR-365/MG;Crescente;Tombamento;0;0;1;0;0;0;0;0;0;0;1;0;0;0;0
15/05/2022;19:27:00;232;Sem vítima;645,600;BR-365/MG;Decrescente;Colisão traseira;1;0;0;0;0;0;0;0;0;1;5;0;0;0;0
15/05/2022;20:38:00;243;Sem vítima;677,000;BR-365/MG;Crescente;Choque;1;0;0;0;0;0;0;0;0;0;4;0;0;0;0
16/05/2022;16:04:00;215;Sem vítima;704,000;BR-365/MG;Crescente;Colisão traseira;0;0;0;0;0;1;0;0;0;0;1;0;0;0;0
16/05/2022;18:24:00;242;Com vítima;736,100;BR-365/MG;Decrescente;Queda de moto;0;0;0;1;0;0;0;0;0;0;0;2;0;0;0
17/05/2022;21:07:00;312;Sem vítima;166,220;BR-364/MG;Crescente;Tombamento;0;0;0;0;0;1;0;0;0;0;1;0;0;0;0
18/05/2022;00:12:00;3;Sem vítima;823,700;BR-365/MG;Crescente;Capotamento;1;0;0;0;0;0;0;0;0;0;1;0;0;0;0
20/05/2022;17:18:00;251;Com vítima;706,000;BR-365/MG;Crescente;Tombamento;0;0;0;0;0;1;0;0;0;0;0;0;1;0;0
21/05/2022;13:15:00;155;Sem vítima;645,400;BR-365/MG;Crescente;Colisão traseira;2;0;0;0;0;0;0;0;0;0;5;0;0;0;0
25/05/2022;03:34:00;15;Sem vítima;706,000;BR-365/MG;Crescente;Colisão frontal;0;0;0;0;2;0;0;0;0;0;3;0;0;0;0
25/05/2022;05:11:00;23;Com vítima;837,800;BR-365/MG;Crescente;Atropelamento de animal;0;0;0;0;0;0;0;0;0;1;2;0;1;0;0
25/05/2022;16:11:00;219;Sem vítima;677,300;BR-365/MG;Crescente;Choque;0;0;0;0;0;1;0;0;0;0;1;0;0;0;0
25/05/2022;19:42:00;274;Com vítima;183,000;BR-364/MG;Crescente;Colisão lateral no mesmo sentido;0;0;1;0;0;1;0;0;0;0;1;1;0;0;0
28/05/2022;15:42:00;207;Com vítima;702,410;BR-365/MG;Decrescente;Choque;1;0;0;0;0;0;0;0;0;0;1;2;0;0;0
29/05/2022;19:41:00;286;Com vítima;706,000;BR-365/MG;Crescente;Colisão lateral no mesmo sentido;1;0;0;0;0;0;0;0;0;0;0;3;0;0;0
30/05/2022;18:57:00;277;Sem vítima;645,600;BR-365/MG;Crescente;Choque;0;0;1;0;0;0;0;0;0;0;1;0;0;0;0
01/06/2022;08:49:00;72;Com vítima;654,600;BR-365/MG;Decrescente;Choque;1;0;0;0;0;0;0;0;0;0;1;1;0;0;0
03/06/2022;13:03:00;218;Sem vítima;744,400;BR-365/MG;Decrescente;Queda de moto;0;0;0;1;0;0;0;0;0;0;2;0;0;0;0
03/06/2022;13:45:00;224;Com vítima;690,530;BR-365/MG;Decrescente;Atropelamento de pedestre;1;0;0;0;0;0;0;0;0;0;0;1;0;0;1
04/06/2022;11:58:00;138;Sem vítima;652,800;BR-365/MG;Decrescente;Choque;0;0;0;0;0;0;0;0;0;1;1;0;0;0;0
04/06/2022;17:07:00;224;Com vítima;106,250;BR-364/MG;Crescente;Colisão frontal;0;0;0;0;0;0;0;0;0;2;1;0;0;2;0
04/06/2022;21:33:00;296;Sem vítima;101,000;BR-364/MG;Decrescente;Atropelamento de animal;1;0;0;0;0;0;0;0;0;0;3;0;0;0;0
05/06/2022;19:32:00;240;Sem vítima;77,600;BR-364/MG;Decrescente;Colisão transversal;1;0;1;0;0;0;0;0;0;0;0;0;0;0;0
09/06/2022;06:38:00;24;Com vítima;63,960;BR-364/MG;Crescente;Capotamento;0;0;0;0;0;0;0;0;0;1;0;2;0;0;0
09/06/2022;18:05:00;271;Com vítima;671,300;BR-365/MG;Decrescente;Atropelamento de pedestre;1;0;0;0;0;0;0;0;0;0;0;0;1;0;1
11/06/2022;01:47:00;14;Com vítima;685,600;BR-365/MG;Crescente;Choque;0;0;0;0;0;2;0;0;0;0;1;1;0;0;0
11/06/2022;17:19:00;214;Sem vítima;663,000;BR-365/MG;Crescente;Colisão traseira;1;0;0;0;0;0;0;0;0;0;1;0;0;0;0
12/06/2022;02:02:00;19;Com vítima;823,770;BR-365/MG;Crescente;Choque;1;0;0;0;0;0;0;0;0;0;0;0;1;0;0
14/06/2022;07:15:00;41;Sem vítima;680,900;BR-365/MG;Crescente;Colisão lateral no mesmo sentido;1;0;0;0;0;1;0;0;0;0;2;0;0;0;0
16/06/2022;10:32:00;136;Sem vítima;93,000;BR-364/MG;Crescente;Colisão traseira;1;0;0;0;0;1;0;0;0;0;3;0;0;0;0
19/06/2022;14:46:00;162;Sem vítima;645,600;BR-365/MG;Crescente;Colisão traseira;1;0;0;0;0;1;0;0;0;0;0;0;0;0;0
19/06/2022;20:10:00;273;Com vítima;691,000;BR-365/MG;Decrescente;Capotamento;0;0;0;0;0;0;0;0;0;1;1;2;0;0;0
20/06/2022;10:16:00;140;Com vítima;627,000;BR-365/MG;Decrescente;Queda de moto;0;0;0;1;0;0;0;0;0;0;0;1;0;0;0
20/06/2022;12:05:00;187;Com vítima;832,800;BR-365/MG;Crescente;Queda de bicicleta;0;1;0;0;0;0;0;0;0;0;0;0;1;0;0
21/06/2022;21:30:00;314;Com vítima;637,000;BR-365/MG;Crescente;Choque;1;0;0;0;0;0;0;0;0;0;1;2;0;0;0
22/06/2022;21:47:00;301;Com vítima;682,000;BR-365/MG;Decrescente;Capotamento;1;0;0;0;0;0;0;0;0;0;0;0;1;0;0
23/06/2022;11:14:00;149;Sem vítima;169,500;BR-364/MG;Decrescente;Choque;0;0;0;0;0;0;0;0;0;1;2;0;0;0;0
23/06/2022;13:45:00;203;Sem vítima;675,800;BR-365/MG;Decrescente;Choque;0;0;2;0;0;0;0;0;0;0;4;0;0;0;0
23/06/2022;19:41:00;320;Com vítima;89,000;BR-364/MG;Decrescente;Colisão transversal;0;0;1;1;0;0;0;0;0;0;1;0;2;0;0
24/06/2022;01:04:00;17;Sem vítima;4,800;BR-364/MG;Crescente;Choque;1;0;0;0;0;0;0;0;0;0;2;0;0;0;0
25/06/2022;20:20:00;266;Sem vítima;662,880;BR-365/MG;Crescente;Atropelamento de animal;1;0;0;0;0;0;0;0;0;0;1;0;0;0;0
26/06/2022;06:27:00;28;Sem vítima;696,500;BR-365/MG;Decrescente;Capotamento;0;0;0;0;0;0;0;0;0;1;0;0;0;0;0
28/06/2022;19:51:00;285;Sem vítima;685,500;BR-365/MG;Decrescente;Colisão traseira;0;0;0;0;0;1;0;0;0;1;2;0;0;0;0
30/06/2022;17:14:00;238;Sem vítima;631,599;BR-365/MG;Decrescente;Engavetamento;1;0;1;0;0;1;0;0;0;0;3;0;0;0;0
01/07/2022;22:40:00;321;Sem vítima;650,000;BR-365/MG;Decrescente;Choque;1;0;0;0;0;0;0;0;0;0;1;0;0;0;0
03/07/2022;10:17:00;94;Sem vítima;154,100;BR-364/MG;Decrescente;Tombamento;0;0;0;0;0;1;0;0;0;0;1;0;0;0;0
03/07/2022;20:19:00;251;Com vítima;845,000;BR-365/MG;Decrescente;Atropelamento de animal;0;0;0;0;0;0;0;0;0;1;0;1;0;0;0
06/07/2022;21:43:00;301;Sem vítima;627,550;BR-365/MG;Crescente;Tombamento;0;0;0;0;0;1;0;0;0;0;1;0;0;0;0
06/07/2022;22:04:00;307;Sem vítima;627,640;BR-365/MG;Decrescente;Atropelamento de animal;1;0;0;0;0;0;0;0;0;0;1;0;0;0;0
07/07/2022;12:13:00;168;Sem vítima;645,500;BR-365/MG;Crescente;Colisão traseira;1;0;0;0;0;0;0;0;0;1;3;0;0;0;0
08/07/2022;08:41:00;65;Com vítima;187,200;BR-364/MG;Crescente;Queda de moto;0;0;0;1;0;0;0;0;0;0;0;2;0;0;0
08/07/2022;21:06:00;300;Sem vítima;645,600;BR-365/MG;Decrescente;Colisão lateral no mesmo sentido;1;0;1;0;0;0;0;0;0;0;4;0;0;0;0
09/07/2022;06:42:00;40;Sem vítima;683,450;BR-365/MG;Crescente;Atropelamento de animal;0;0;0;0;1;0;0;0;0;0;32;0;0;0;0
10/07/2022;06:47:00;40;Sem vítima;651,500;BR-365/MG;Crescente;Choque;1;0;0;0;0;0;0;0;0;0;1;0;0;0;0
10/07/2022;08:12:00;57;Sem vítima;626,000;BR-365/MG;Decrescente;Choque;1;0;0;0;0;0;0;0;0;0;0;0;0;0;0
10/07/2022;09:13:00;72;Com vítima;654,500;BR-365/MG;Crescente;Queda de bicicleta;0;1;0;0;0;0;0;0;0;0;0;1;0;0;0
11/07/2022;11:14:00;154;Sem vítima;631,300;BR-365/MG;Crescente;Colisão traseira;1;0;0;0;0;2;0;0;0;0;3;0;0;0;0
12/07/2022;09:54:00;98;Com vítima;742,950;BR-365/MG;Decrescente;Engavetamento;3;0;0;0;0;0;0;0;0;0;7;1;0;0;0
13/07/2022;08:18:00;49;Com vítima;745,550;BR-365/MG;Decrescente;Engavetamento;0;0;2;0;0;4;0;0;0;1;5;5;0;0;0
14/07/2022;14:14:00;194;Sem vítima;651,000;BR-365/MG;Decrescente;Colisão lateral no mesmo sentido;1;0;1;0;0;0;0;0;0;0;3;0;0;0;0
17/07/2022;20:04:00;250;Sem vítima;687,000;BR-365/MG;Decrescente;Atropelamento de animal;0;0;0;0;0;0;0;0;0;1;4;0;0;0;0
25/07/2022;08:00:00;55;Com vítima;637,940;BR-365/MG;Crescente;Colisão transversal;0;0;0;0;0;0;0;0;0;2;2;1;0;0;0
27/07/2022;07:12:00;41;Com vítima;634,900;BR-365/MG;Decrescente;Queda de moto;0;0;0;1;0;0;0;0;0;0;0;0;1;0;0
28/07/2022;13:35:00;204;Sem vítima;182,000;BR-364/MG;Crescente;Choque;0;0;0;0;0;2;0;0;0;0;2;0;0;0;0
31/07/2022;16:31:00;213;Sem vítima;704,350;BR-365/MG;Crescente;Colisão traseira;1;0;0;0;0;1;0;0;0;0;4;0;0;0;0
03/08/2022;06:16:00;37;Com vítima;668,300;BR-365/MG;Decrescente;Colisão traseira;0;0;1;0;0;1;0;0;0;0;1;1;0;0;0
03/08/2022;20:07:00;316;Sem vítima;704,350;BR-365/MG;Decrescente;Choque;1;0;0;0;0;0;0;0;0;0;3;0;0;0;0
04/08/2022;16:48:00;263;Sem vítima;629,000;BR-365/MG;Crescente;Choque;1;0;0;0;0;0;0;0;0;0;1;0;0;0;0
04/08/2022;20:11:00;313;Sem vítima;186,600;BR-364/MG;Crescente;Choque;1;0;0;0;0;0;0;0;0;0;2;0;0;0;0
05/08/2022;21:58:00;342;Sem vítima;861,000;BR-365/MG;Crescente;Atropelamento de animal;0;0;0;0;0;0;0;0;0;1;2;0;0;0;0
06/08/2022;02:40:00;21;Com vítima;0,100;BR-364/MG;Decrescente;Choque;0;0;0;0;0;0;0;0;0;1;0;1;0;0;0
07/08/2022;20:13:00;288;Sem vítima;857,500;BR-365/MG;Decrescente;Atropelamento de animal;1;0;0;0;0;0;0;0;0;0;1;0;0;0;0
10/08/2022;12:20:00;137;Sem vítima;704,350;BR-365/MG;Crescente;Colisão traseira;0;0;1;0;0;1;0;0;0;0;2;0;0;0;0
12/08/2022;06:27:00;28;Com vítima;701,500;BR-365/MG;Decrescente;Colisão traseira;1;0;0;0;0;1;0;0;0;0;2;0;1;0;0
17/08/2022;14:31:00;204;Sem vítima;704,350;BR-365/MG;Decrescente;Choque;0;0;0;0;0;1;0;0;0;0;1;0;0;0;0
17/08/2022;16:41:00;247;Sem vítima;645,600;BR-365/MG;Decrescente;Colisão traseira;2;0;0;0;0;0;0;0;0;0;3;0;0;0;0
18/08/2022;21:21:00;390;Com vítima;665,700;BR-365/MG;Decrescente;Capotamento;0;0;0;0;0;0;0;0;0;1;0;1;0;0;0
19/08/2022;20:07:00;304;Sem vítima;838,000;BR-365/MG;Crescente;Atropelamento de animal;0;0;0;0;0;0;0;0;0;1;1;0;0;0;0
21/08/2022;10:30:00;116;Com vítima;627,090;BR-365/MG;Decrescente;Colisão transversal;1;0;0;1;0;0;0;0;0;0;3;0;1;0;0
21/08/2022;19:46:00;283;Com vítima;184,300;BR-364/MG;Decrescente;Queda de moto;0;0;0;1;0;0;0;0;0;0;0;2;0;0;0
21/08/2022;20:19:00;290;Sem vítima;689,900;BR-365/MG;Decrescente;Choque;0;0;1;0;0;0;0;0;0;0;2;0;0;0;0
24/08/2022;21:22:00;317;Sem vítima;706,000;BR-365/MG;Decrescente;Choque;0;0;0;0;0;1;0;0;0;0;1;0;0;0;0
25/08/2022;16:37:00;290;Com vítima;660,350;BR-365/MG;Decrescente;Queda de moto;0;0;0;1;0;0;0;0;0;0;0;2;0;0;0
26/08/2022;03:34:00;23;Com vítima;91,500;BR-364/MG;Crescente;Tombamento;0;0;1;0;0;0;0;0;0;0;0;0;1;0;0
26/08/2022;08:15:00;72;Sem vítima;174,000;BR-364/MG;Decrescente;Colisão traseira;1;0;0;0;0;1;0;0;0;0;2;0;0;0;0
27/08/2022;00:20:00;4;Sem vítima;706,000;BR-365/MG;Decrescente;Choque;0;0;0;0;0;1;0;0;0;0;1;0;0;0;0
27/08/2022;17:14:00;240;Sem vítima;156,550;BR-364/MG;Decrescente;Choque;0;0;0;0;0;1;0;0;0;0;1;0;0;0;0
29/08/2022;22:42:00;357;Com vítima;174,054;BR-364/MG;Crescente;Queda de moto;0;0;0;1;0;0;0;0;0;0;0;0;0;0;1
30/08/2022;06:47:00;31;Sem vítima;626,000;BR-365/MG;Decrescente;Queda de moto;0;0;0;1;0;0;0;0;0;0;0;0;0;0;0
31/08/2022;22:45:00;333;Sem vítima;687,450;BR-365/MG;Crescente;Choque;1;0;0;0;0;0;0;0;0;0;1;0;0;0;0
02/09/2022;07:39:00;59;Sem vítima;674,700;BR-365/MG;Decrescente;Choque;0;0;0;0;0;1;0;0;0;1;1;0;0;0;0
03/09/2022;02:07:00;23;Sem vítima;736,000;BR-365/MG;Crescente;Choque;0;0;0;0;0;1;0;0;0;0;1;0;0;0;0
03/09/2022;09:42:00;117;Sem vítima;89,000;BR-364/MG;Decrescente;Colisão transversal;0;0;0;0;0;2;0;0;0;0;1;0;0;0;0