data;horario;n_da_ocorrencia;tipo_de_ocorrencia;km;trecho;sentido;tipo_de_acidente;automovel;bicicleta;caminhao;moto;onibus;outros;tracao_animal;transporte_de_cargas_especiais;trator_maquinas;utilitarios;ilesos;levemente_feridos;moderadamente_feridos;gravemente_feridos;mortos
03/09/2022;23:56:00;346;Com vítima;131,000;BR-364/MG;Decrescente;Atropelamento de animal;1;0;0;0;0;0;0;0;0;0;2;0;1;0;0
04/09/2022;06:18:00;33;Sem vítima;679,640;BR-365/MG;Crescente;Choque;1;0;0;0;0;0;0;0;0;0;1;0;0;0;0
05/09/2022;19:07:00;292;Sem vítima;838,000;BR-365/MG;Crescente;Atropelamento de animal;1;0;0;0;0;0;0;0;0;0;1;0;0;0;0
05/09/2022;19:27:00;299;Sem vítima;838,000;BR-365/MG;Crescente;Atropelamento de animal;0;0;0;0;0;0;0;0;0;1;3;0;0;0;0
09/09/2022;06:11:00;32;Sem vítima;657,000;BR-365/MG;Crescente;Choque;1;0;0;0;0;0;0;0;0;0;1;0;0;0;0
09/09/2022;11:30:00;152;Sem vítima;627,000;BR-365/MG;Decrescente;Choque;1;0;0;0;0;1;0;0;0;0;2;0;0;0;0
11/09/2022;07:53:00;76;Com vítima;134,570;BR-364/MG;Crescente;Tombamento;0;0;0;0;0;1;0;0;0;0;0;1;0;0;0
11/09/2022;21:44:00;384;Com vítima;866,000;BR-365/MG;Crescente;Atropelamento de animal;0;0;0;0;0;0;0;0;0;1;0;0;1;0;0
13/09/2022;13:04:00;208;Com vítima;677,900;BR-365/MG;Crescente;Choque;0;0;1;0;0;0;0;0;0;0;0;1;0;0;0
13/09/2022;19:32:00;350;Sem vítima;176,800;BR-364/MG;Crescente;Capotamento;0;0;0;0;0;0;0;0;0;1;3;0;0;0;0
16/09/2022;04:24:00;29;Sem vítima;635,000;BR-365/MG;Crescente;Choque;1;0;0;0;0;0;0;0;0;0;1;0;0;0;0
16/09/2022;15:27:00;268;Sem vítima;112,400;BR-364/MG;Crescente;Colisão traseira;0;0;0;1;0;0;0;0;0;1;1;0;0;0;0
16/09/2022;19:31:00;342;Sem vítima;70,680;BR-364/MG;Decrescente;Colisão traseira;1;0;0;0;0;0;0;0;0;1;4;0;0;0;0
17/09/2022;17:24:00;255;Sem vítima;672,500;BR-365/MG;Crescente;Choque;1;0;0;0;0;0;0;0;0;0;4;0;0;0;0
19/09/2022;09:21:00;117;Com vítima;4,704;BR-364/MG;Decrescente;Atropelamento de pedestre;0;0;0;0;0;0;0;0;0;1;1;0;0;1;0
19/09/2022;21:00:00;383;Com vítima;5,000;BR-364/MG;Decrescente;Queda de bicicleta;0;0;0;0;0;0;0;0;0;0;0;1;0;0;0
22/09/2022;03:43:00;18;Sem vítima;706,000;BR-365/MG;Crescente;Colisão traseira;0;0;0;0;0;0;0;0;0;1;1;0;0;0;0
22/09/2022;07:46:00;79;Com vítima;739,600;BR-365/MG;Crescente;Colisão traseira;0;0;1;0;0;1;0;0;0;1;0;4;0;0;0
23/09/2022;23:28:00;347;Com vítima;681,000;BR-365/MG;Crescente;Colisão traseira;0;0;1;0;0;0;0;0;0;1;1;0;1;0;0
27/09/2022;10:37:00;139;Sem vítima;647,500;BR-365/MG;Crescente;Tombamento;1;0;0;0;0;0;0;0;0;0;3;0;0;0;0
27/09/2022;12:09:00;165;Sem vítima;701,000;BR-365/MG;Decrescente;Choque;0;0;1;0;0;0;0;0;0;0;1;0;0;0;0
27/09/2022;12:19:00;168;Sem vítima;643,250;BR-365/MG;Decrescente;Choque;1;0;0;0;0;0;0;0;0;0;2;0;0;0;0
27/09/2022;15:26:00;229;Sem vítima;686,000;BR-365/MG;Crescente;Choque;1;0;0;0;0;0;0;0;0;0;1;0;0;0;0
27/09/2022;19:42:00;303;Sem vítima;670,000;BR-365/MG;Decrescente;Acidentes de outra natureza;0;0;1;0;0;1;0;0;0;0;2;0;0;0;0
29/09/2022;03:54:00;30;Com vítima;642,740;BR-365/MG;Crescente;Colisão traseira;0;0;0;0;0;2;0;0;0;0;1;1;0;0;0
02/10/2022;13:19:00;153;Com vítima;32,000;BR-364/MG;Decrescente;Colisão frontal;3;0;0;0;0;0;0;0;0;0;2;1;0;1;1
02/10/2022;16:39:00;222;Sem vítima;714,450;BR-365/MG;Decrescente;Colisão transversal;0;0;0;0;0;1;0;0;0;1;2;0;0;0;0
02/10/2022;19:45:00;262;Sem vítima;93,400;BR-364/MG;Decrescente;Atropelamento de animal;0;0;0;0;0;0;0;0;0;1;1;0;0;0;0
02/10/2022;21:15:00;275;Com vítima;138,800;BR-364/MG;Decrescente;Tombamento;0;0;0;0;0;1;0;0;0;0;0;1;0;0;0
03/10/2022;11:41:00;191;Sem vítima;753,000;BR-365/MG;Decrescente;Choque;1;0;0;0;0;0;0;0;0;0;1;0;0;0;0
03/10/2022;19:53:00;316;Com vítima;147,000;BR-364/MG;Decrescente;Capotamento;1;0;0;0;0;0;0;0;0;0;0;1;0;0;0
04/10/2022;13:49:00;259;Com vítima;635,200;BR-365/MG;Crescente;Choque;0;0;0;0;0;1;0;0;0;0;0;1;0;0;0
04/10/2022;16:04:00;319;Sem vítima;44,290;BR-364/MG;Crescente;Atropelamento de animal;0;0;0;0;0;0;0;0;0;2;3;0;0;0;0
06/10/2022;10:18:00;144;Sem vítima;83,700;BR-364/MG;Crescente;Colisão lateral no mesmo sentido;1;0;1;0;0;0;0;0;0;0;3;0;0;0;0
07/10/2022;00:17:00;5;Sem vítima;59,000;BR-364/MG;Decrescente;Choque;0;0;0;0;0;1;0;0;0;0;1;0;0;0;0
07/10/2022;03:36:00;24;Sem vítima;870,000;BR-365/MG;Crescente;Choque;0;0;0;0;0;0;0;0;0;1;4;0;0;0;0
07/10/2022;12:40:00;191;Com vítima;706,365;BR-365/MG;Crescente;Tombamento;0;0;0;0;0;1;0;0;0;0;0;0;1;0;0
07/10/2022;19:54:00;321;Sem vítima;706,000;BR-365/MG;Crescente;Colisão traseira;0;0;0;0;0;2;0;0;0;0;2;0;0;0;0
07/10/2022;21:16:00;345;Sem vítima;705,600;BR-365/MG;Crescente;Colisão traseira;0;0;1;0;0;1;0;0;0;0;1;0;0;0;0
08/10/2022;05:04:00;29;Sem vítima;869,100;BR-365/MG;Crescente;Choque;1;0;0;0;0;0;0;0;0;0;0;0;0;0;0
08/10/2022;15:27:00;302;Com vítima;835,950;BR-365/MG;Decrescente;Colisão traseira;2;0;0;0;0;0;0;0;0;0;3;2;0;0;0
09/10/2022;04:54:00;29;Sem vítima;663,300;BR-365/MG;Crescente;Tombamento;0;0;0;0;0;1;0;0;0;0;1;0;0;0;0
09/10/2022;20:43:00;304;Sem vítima;123,330;BR-364/MG;Crescente;Colisão lateral no mesmo sentido;1;0;1;0;0;0;0;0;0;0;1;0;0;0;0
10/10/2022;13:23:00;190;Com vítima;788,300;BR-365/MG;Decrescente;Choque;1;0;0;0;0;0;0;0;0;0;0;1;0;0;0
10/10/2022;23:46:00;363;Com vítima;751,900;BR-365/MG;Crescente;Queda de moto;0;0;0;1;0;0;0;0;0;0;0;0;1;0;0
11/10/2022;18:44:00;307;Sem vítima;690,000;BR-365/MG;Decrescente;Choque;0;0;0;0;0;1;0;0;0;0;1;0;0;0;0
11/10/2022;21:10:00;355;Sem vítima;706,500;BR-365/MG;Crescente;Colisão lateral no mesmo sentido;1;0;1;0;0;0;0;0;0;0;6;0;0;0;0
12/10/2022;22:22:00;401;Sem vítima;657,300;BR-365/MG;Decrescente;Capotamento;1;0;0;0;0;0;0;0;0;0;4;0;0;0;0
14/10/2022;02:22:00;19;Com vítima;95,500;BR-364/MG;Crescente;Choque;0;0;0;0;0;0;0;0;0;1;0;0;1;0;0
14/10/2022;23:26:00;395;Sem vítima;706,000;BR-365/MG;Decrescente;Choque;1;0;0;0;0;0;0;0;0;0;2;0;0;0;0
15/10/2022;17:17:00;260;Com vítima;829,000;BR-365/MG;Crescente;Colisão traseira;2;0;0;0;0;0;0;0;0;0;1;1;0;0;0
15/10/2022;18:49:00;292;Com vítima;638,000;BR-365/MG;Decrescente;Colisão lateral no mesmo sentido;0;0;0;1;0;0;0;0;0;1;0;1;0;0;0
16/10/2022;03:43:00;28;Sem vítima;706,500;BR-365/MG;Crescente;Tombamento;0;0;1;0;0;0;0;0;0;0;1;0;0;0;0
16/10/2022;09:55:00;139;Sem vítima;736,800;BR-365/MG;Crescente;Colisão traseira;0;0;0;0;0;3;0;0;0;0;2;0;0;0;0
16/10/2022;10:33:00;155;Com vítima;741,850;BR-365/MG;Crescente;Queda de moto;0;0;0;1;0;0;0;0;0;0;0;0;2;0;0
17/10/2022;06:58:00;41;Sem vítima;710,230;BR-365/MG;Decrescente;Colisão traseira;2;0;0;0;0;0;0;0;0;0;2;0;0;0;0
18/10/2022;09:03:00;116;Sem vítima;720,000;BR-365/MG;Decrescente;Colisão traseira;1;0;0;0;0;1;0;0;0;0;3;0;0;0;0
19/10/2022;10:39:00;151;Sem vítima;153,200;BR-364/MG;Decrescente;Tombamento;0;0;0;0;0;1;0;0;0;0;1;0;0;0;0
20/10/2022;15:53:00;298;Com vítima;737,570;BR-365/MG;Decrescente;Colisão frontal;0;0;1;0;0;1;0;0;0;1;5;1;0;0;0
21/10/2022;04:23:00;20;Com vítima;706,500;BR-365/MG;Crescente;Colisão transversal;0;0;1;0;0;1;0;0;0;0;1;0;0;0;1
21/10/2022;07:07:00;62;Com vítima;753,000;BR-365/MG;Decrescente;Choque;1;0;0;0;0;0;0;0;0;0;0;1;0;0;0
21/10/2022;07:39:00;77;Com vítima;673,000;BR-365/MG;Crescente;Capotamento;1;0;0;0;0;0;0;0;0;0;0;0;1;0;0
21/10/2022;20:18:00;355;Sem vítima;746,300;BR-365/MG;Crescente;Colisão traseira;2;0;0;0;0;0;0;0;0;0;6;0;0;0;0
22/10/2022;02:32:00;26;Sem vítima;689,420;BR-365/MG;Decrescente;Choque;0;0;1;0;0;0;0;0;0;0;1;0;0;0;0
23/10/2022;05:31:00;29;Sem vítima;49,600;BR-364/MG;Decrescente;Atropelamento de animal;1;0;0;0;0;0;0;0;0;0;2;0;0;0;0
24/10/2022;07:27:00;82;Sem vítima;65,800;BR-364/MG;Decrescente;Atropelamento de animal;1;0;0;0;0;0;0;0;0;0;1;0;0;0;0
24/10/2022;13:55:00;271;Sem vítima;719,700;BR-365/MG;Decrescente;Engavetamento;3;0;0;0;0;0;0;0;0;0;6;0;0;0;0
26/10/2022;11:58:00;224;Com vítima;98,100;BR-364/MG;Crescente;Colisão frontal;2;0;0;0;0;0;0;0;0;0;0;0;0;0;3
27/10/2022;04:28:00;39;Com vítima;743,840;BR-365/MG;Crescente;Capotamento;0;0;0;0;0;0;0;0;0;1;0;1;1;0;0
27/10/2022;11:00:00;185;Sem vítima;736,000;BR-365/MG;Crescente;Colisão traseira;1;0;0;0;0;0;0;0;0;1;0;0;0;0;0
28/10/2022;04:37:00;32;Sem vítima;741,500;BR-365/MG;Decrescente;Atropelamento de animal;1;0;0;0;0;0;0;0;0;0;5;0;0;0;0
28/10/2022;15:07:00;303;Sem vítima;640,100;BR-365/MG;Decrescente;Capotamento;0;0;0;0;0;0;0;0;0;1;1;0;0;0;0
29/10/2022;08:06:00;71;Sem vítima;642,920;BR-365/MG;Crescente;Choque;0;0;1;0;0;1;0;0;0;0;3;0;0;0;0
30/10/2022;00:09:00;1;Sem vítima;627,100;BR-365/MG;Crescente;Choque;1;0;0;0;0;0;0;0;0;0;3;0;0;0;0
30/10/2022;00:16:00;4;Com vítima;706,600;BR-365/MG;Crescente;Colisão lateral em sentido contrário;1;0;0;0;0;1;0;0;0;0;2;1;0;0;0
31/10/2022;02:48:00;24;Com vítima;148,300;BR-364/MG;Decrescente;Capotamento;0;0;0;0;0;0;0;0;0;1;0;2;1;0;0
31/10/2022;10:03:00;133;Sem vítima;742,000;BR-365/MG;Crescente;Colisão traseira;0;0;1;0;0;0;0;0;0;1;4;0;0;0;0
02/11/2022;12:26:00;134;Sem vítima;3,100;BR-364/MG;Crescente;Colisão traseira;2;0;0;0;0;0;0;0;0;0;5;0;0;0;0
02/11/2022;16:30:00;199;Com vítima;4,000;BR-364/MG;Decrescente;Colisão traseira;1;0;0;0;0;1;0;0;0;0;1;2;0;0;0
04/11/2022;11:50:00;183;Com vítima;635,000;BR-365/MG;Decrescente;Capotamento;1;0;0;0;0;0;0;0;0;0;0;1;0;0;0
04/11/2022;21:07:00;345;Sem vítima;173,000;BR-364/MG;Crescente;Choque;0;0;0;0;0;1;0;0;0;0;1;0;0;0;0
06/11/2022;20:10:00;312;Com vítima;56,000;BR-364/MG;Decrescente;Atropelamento de animal;0;0;0;1;0;0;0;0;0;0;0;0;1;0;0
07/11/2022;09:07:00;84;Sem vítima;652,600;BR-365/MG;Decrescente;Choque;1;0;0;0;0;1;0;0;0;0;1;0;0;0;0
07/11/2022;13:14:00;160;Sem vítima;653,000;BR-365/MG;Decrescente;Choque;1;0;0;0;0;0;0;0;0;1;3;0;0;0;0
08/11/2022;08:55:00;88;Sem vítima;643,170;BR-365/MG;Crescente;Colisão traseira;1;0;0;0;0;0;0;0;0;1;2;0;0;0;0
08/11/2022;09:51:00;113;Com vítima;735,500;BR-365/MG;Crescente;Colisão traseira;0;0;0;0;0;1;0;0;0;1;1;1;0;0;0
09/11/2022;12:33:00;214;Sem vítima;846,400;BR-365/MG;Crescente;Colisão traseira;1;0;0;0;0;0;0;0;0;1;0;0;0;0;0
10/11/2022;01:55:00;19;Sem vítima;690,000;BR-365/MG;Decrescente;Atropelamento de animal;0;0;0;0;0;1;0;0;0;0;1;0;0;0;0
12/11/2022;20:20:00;370;Sem vítima;763,100;BR-365/MG;Crescente;Choque;0;0;0;0;0;1;0;0;0;0;1;0;0;0;0
12/11/2022;20:58:00;380;Com vítima;772,900;BR-365/MG;Crescente;Capotamento;0;0;0;0;0;0;0;0;0;1;0;1;0;0;0
14/11/2022;09:11:00;87;Com vítima;640,900;BR-365/MG;Crescente;Capotamento;1;0;0;0;0;0;0;0;0;0;1;2;0;2;0
14/11/2022;10:06:00;102;Sem vítima;640,900;BR-365/MG;Crescente;Colisão traseira;1;0;0;0;0;1;0;0;0;0;1;0;0;0;0
14/11/2022;19:50:00;293;Sem vítima;680,950;BR-365/MG;Crescente;Atropelamento de animal;0;0;0;0;0;0;0;0;0;1;8;0;0;0;0
14/11/2022;20:18:00;300;Sem vítima;760,200;BR-365/MG;Decrescente;Choque;1;0;0;0;0;0;0;0;0;0;2;0;0;0;0
15/11/2022;12:04:00;171;Sem vítima;704,400;BR-365/MG;Decrescente;Colisão traseira;1;0;1;0;0;0;0;0;0;0;3;0;0;0;0
17/11/2022;15:38:00;291;Com vítima;753,000;BR-365/MG;Crescente;Queda de moto;0;0;0;1;0;0;0;0;0;0;0;1;0;0;0
18/11/2022;17:22:00;329;Sem vítima;706,500;BR-365/MG;Decrescente;Choque;1;0;0;0;0;0;0;0;0;0;1;0;0;0;0
18/11/2022;19:22:00;362;Sem vítima;647,700;BR-365/MG;Decrescente;Choque;1;0;0;0;0;0;0;0;0;0;1;0;0;0;0
19/11/2022;06:03:00;41;Com vítima;35,800;BR-364/MG;Crescente;Capotamento;0;0;0;0;0;0;0;0;0;1;0;1;0;0;0
19/11/2022;22:31:00;356;Sem vítima;47,800;BR-364/MG;Crescente;Choque;0;0;0;0;0;1;0;0;0;0;1;0;0;0;0
19/11/2022;22:50:00;361;Sem vítima;47,800;BR-364/MG;Decrescente;Choque;1;0;0;0;0;0;0;0;0;0;2;0;0;0;0
22/11/2022;20:20:00;374;Com vítima;739,400;BR-365/MG;Decrescente;Capotamento;1;0;0;0;0;0;0;0;0;0;0;0;1;0;0
23/11/2022;13:17:00;196;Sem vítima;754,000;BR-365/MG;Crescente;Choque;0;0;0;0;0;0;0;0;0;1;1;0;0;0;0
23/11/2022;23:03:00;372;Sem vítima;0,880;BR-364/MG;Decrescente;Colisão lateral no mesmo sentido;0;0;0;0;0;2;0;0;0;0;2;0;0;0;0
24/11/2022;04:15:00;22;Sem vítima;870,000;BR-365/MG;Crescente;Choque;0;0;0;0;0;0;0;0;0;1;2;0;0;0;0
24/11/2022;16:12:00;246;Com vítima;753,000;BR-365/MG;Crescente;Atropelamento de animal;0;0;0;1;0;0;0;0;0;0;0;1;0;0;0
25/11/2022;15:45:00;273;Com vítima;82,000;BR-364/MG;Decrescente;Queda de moto;0;0;0;1;0;0;0;0;0;0;0;2;0;0;0
25/11/2022;18:52:00;332;Sem vítima;767,560;BR-365/MG;Crescente;Choque;0;0;0;0;0;0;0;0;0;1;4;0;0;0;0
26/11/2022;17:33:00;256;Sem vítima;788,110;BR-365/MG;Decrescente;Choque;1;0;0;0;0;0;0;0;0;0;0;0;0;0;0
28/11/2022;20:04:00;278;Com vítima;735,500;BR-365/MG;Decrescente;Atropelamento de animal;1;0;0;0;0;0;0;0;0;0;0;1;0;0;0
29/11/2022;13:39:00;198;Com vítima;736,960;BR-365/MG;Crescente;Colisão traseira;0;0;0;0;0;0;0;0;0;2;1;1;0;0;0
29/11/2022;17:07:00;256;Sem vítima;706,770;BR-365/MG;Crescente;Colisão traseira;0;0;1;0;0;1;0;0;0;0;0;0;0;0;0
29/11/2022;21:59:00;321;Com vítima;635,000;BR-365/MG;Decrescente;Colisão traseira;0;0;1;0;0;1;0;0;0;0;0;0;0;1;0
30/11/2022;21:30:00;368;Sem vítima;709,000;BR-365/MG;Crescente;Atropelamento de animal;1;0;0;0;0;0;0;0;0;0;2;0;0;0;0
04/12/2022;04:54:00;30;Sem vítima;747,520;BR-365/MG;Crescente;Acidentes de outra natureza;0;0;0;0;0;0;0;0;0;1;1;0;0;0;0
04/12/2022;13:39:00;152;Sem vítima;693,390;BR-365/MG;Decrescente;Choque;1;0;0;0;0;0;0;0;0;0;5;0;0;0;0
05/12/2022;11:38:00;179;Sem vítima;645,500;BR-365/MG;Decrescente;Colisão traseira;2;0;0;0;0;0;0;0;0;0;0;0;0;0;0
07/12/2022;15:55:00;252;Sem vítima;768,800;BR-365/MG;Crescente;Choque;1;0;0;0;0;0;0;0;0;0;1;0;0;0;0
09/12/2022;05:52:00;33;Com vítima;706,000;BR-365/MG;Decrescente;Tombamento;0;0;0;0;0;1;0;0;0;0;0;0;0;1;0
09/12/2022;09:50:00;116;Sem vítima;707,000;BR-365/MG;Decrescente;Colisão lateral no mesmo sentido;0;0;0;0;0;2;0;0;0;0;1;0;0;0;0
11/12/2022;05:57:00;39;Sem vítima;706,000;BR-365/MG;Crescente;Choque;0;0;0;0;0;1;0;0;0;0;1;0;0;0;0
11/12/2022;12:45:00;164;Com vítima;155,660;BR-364/MG;Decrescente;Tombamento;0;0;0;0;0;1;0;0;0;0;0;1;0;0;0
11/12/2022;23:09:00;321;Com vítima;670,000;BR-365/MG;Crescente;Queda de moto;0;0;0;1;0;0;0;0;0;0;0;2;0;0;0
12/12/2022;04:37:00;26;Com vítima;752,980;BR-365/MG;Crescente;Colisão transversal;1;0;0;1;1;0;0;0;0;0;2;0;0;1;0
12/12/2022;11:37:00;214;Com vítima;657,680;BR-365/MG;Crescente;Engavetamento;0;0;2;0;0;2;0;0;0;0;2;0;1;0;0
13/12/2022;05:11:00;19;Sem vítima;692,720;BR-365/MG;Crescente;Choque;0;0;0;0;0;1;0;0;0;1;2;0;0;0;0
13/12/2022;16:55:00;237;Com vítima;5,440;BR-364/MG;Decrescente;Tombamento;0;0;0;0;0;1;0;0;0;0;0;0;1;0;0
13/12/2022;19:45:00;277;Com vítima;93,120;BR-364/MG;Decrescente;Colisão transversal;0;0;0;0;0;1;0;0;0;1;1;2;0;0;0
15/12/2022;13:04:00;208;Com vítima;102,600;BR-364/MG;Crescente;Capotamento;0;0;0;0;0;0;0;0;0;1;1;1;0;0;0
15/12/2022;23:46:00;364;Sem vítima;650,115;BR-365/MG;Decrescente;Choque;1;0;0;0;0;0;0;0;0;0;1;0;0;0;0
16/12/2022;11:55:00;216;Sem vítima;681,400;BR-365/MG;Crescente;Choque;0;0;0;0;0;0;0;0;0;1;1;0;0;0;0
16/12/2022;15:18:00;289;Sem vítima;89,000;BR-364/MG;Crescente;Colisão transversal;1;0;0;0;0;0;0;0;0;1;7;0;0;0;0
17/12/2022;11:35:00;181;Sem vítima;659,000;BR-365/MG;Decrescente;Colisão traseira;1;0;0;0;0;1;0;0;0;0;2;0;0;0;0
18/12/2022;17:17:00;270;Sem vítima;643,000;BR-365/MG;Decrescente;Choque;1;0;0;0;0;0;0;0;0;0;2;0;0;0;0
19/12/2022;09:05:00;121;Sem vítima;1,000;BR-364/MG;Crescente;Choque;1;0;1;0;0;0;0;0;0;0;2;0;0;0;0
20/12/2022;10:44:00;155;Sem vítima;671,500;BR-365/MG;Crescente;Choque;1;0;0;0;0;0;0;0;0;0;1;0;0;0;0
20/12/2022;13:33:00;215;Com vítima;635,000;BR-365/MG;Decrescente;Colisão transversal;1;0;0;0;0;0;0;0;0;1;7;0;1;0;0
20/12/2022;16:56:00;270;Sem vítima;739,500;BR-365/MG;Decrescente;Choque;1;0;0;0;0;0;0;0;0;0;1;0;0;0;0
20/12/2022;17:01:00;273;Com vítima;681,000;BR-365/MG;Decrescente;Choque;1;0;0;0;0;0;0;0;0;0;0;2;0;0;0
20/12/2022;22:42:00;360;Sem vítima;706,000;BR-365/MG;Crescente;Colisão traseira;0;0;0;0;0;2;0;0;0;0;2;0;0;0;0
21/12/2022;12:05:00;207;Sem vítima;5,400;BR-364/MG;Decrescente;Choque;1;0;0;0;0;0;0;0;0;0;0;0;0;0;0
21/12/2022;14:47:00;250;Com vítima;697,780;BR-365/MG;Decrescente;Choque;1;0;0;0;0;0;0;0;0;0;0;1;0;0;0
21/12/2022;20:06:00;369;Sem vítima;803,000;BR-365/MG;Crescente;Queda de moto;0;0;0;1;0;0;0;0;0;0;1;0;0;0;0
22/12/2022;12:29:00;256;Sem vítima;648,000;BR-365/MG;Crescente;Colisão lateral em sentido contrário;0;0;1;0;0;0;0;0;0;1;2;0;0;0;0
22/12/2022;19:25:00;431;Sem vítima;827,540;BR-365/MG;Crescente;Atropelamento de animal;1;0;0;0;0;0;0;0;0;0;2;0;0;0;0
23/12/2022;03:17:00;29;Sem vítima;647,440;BR-365/MG;Decrescente;Capotamento;0;0;0;0;0;0;0;0;0;1;1;0;0;0;0
23/12/2022;03:32:00;30;Sem vítima;706,720;BR-365/MG;Decrescente;Capotamento;1;0;0;0;0;0;0;0;0;0;1;0;0;0;0
23/12/2022;13:30:00;217;Sem vítima;704,350;BR-365/MG;Decrescente;Colisão traseira;1;0;1;0;0;0;0;0;0;0;0;0;0;0;0
23/12/2022;16:33:00;292;Sem vítima;10,000;BR-364/MG;Crescente;Engavetamento;3;0;0;0;0;0;0;0;0;0;6;0;0;0;0
23/12/2022;19:51:00;362;Com vítima;31,500;BR-364/MG;Decrescente;Choque;1;0;0;0;0;0;0;0;0;0;1;1;0;0;0
23/12/2022;19:54:00;364;Com vítima;752,850;BR-365/MG;Crescente;Colisão transversal;1;0;0;1;0;0;0;0;0;0;0;0;0;1;0
24/12/2022;04:44:00;34;Sem vítima;676,350;BR-365/MG;Crescente;Choque;0;0;0;0;0;1;0;0;0;0;1;0;0;0;0
24/12/2022;06:09:00;51;Sem vítima;22,000;BR-364/MG;Crescente;Choque;1;0;0;0;0;0;0;0;0;0;1;0;0;0;0
24/12/2022;07:00:00;71;Sem vítima;43,500;BR-364/MG;Crescente;Choque;0;0;1;0;0;0;0;0;0;0;2;0;0;0;0
24/12/2022;08:09:00;91;Com vítima;701,000;BR-365/MG;Crescente;Queda de moto;0;0;0;1;0;0;0;0;0;0;0;1;0;0;0
25/12/2022;07:25:00;34;Com vítima;175,000;BR-364/MG;Crescente;Atropelamento de animal;0;1;0;0;0;0;0;0;0;0;0;0;1;0;0
26/12/2022;17:56:00;272;Com vítima;695,300;BR-365/MG;Crescente;Capotamento;1;0;0;0;0;0;0;0;0;0;4;2;2;0;0
27/12/2022;13:20:00;191;Sem vítima;785,500;BR-365/MG;Crescente;Choque;0;0;0;0;0;0;0;0;0;1;2;0;0;0;0
27/12/2022;15:34:00;237;Com vítima;650,000;BR-365/MG;Decrescente;Capotamento;1;0;0;0;0;0;0;0;0;0;0;4;2;0;0
27/12/2022;22:54:00;326;Sem vítima;757,000;BR-365/MG;Decrescente;Choque;1;0;0;0;0;0;0;0;0;0;4;0;0;0;0
28/12/2022;15:22:00;251;Com vítima;149,050;BR-364/MG;Decrescente;Tombamento;1;0;0;0;0;0;0;0;0;0;0;0;1;1;1
28/12/2022;20:15:00;329;Com vítima;844,730;BR-365/MG;Crescente;Colisão traseira;1;0;0;0;0;1;0;0;0;0;1;2;4;0;0
30/12/2022;08:02:00;62;Sem vítima;667,000;BR-365/MG;Decrescente;Choque;1;0;0;0;0;0;0;0;0;0;2;0;0;0;0
30/12/2022;15:29:00;198;Sem vítima;24,600;BR-364/MG;Decrescente;Choque;1;0;0;0;0;0;0;0;0;0;1;0;0;0;0
31/12/2022;06:12:00;35;Com vítima;40,050;BR-364/MG;Decrescente;Choque;1;0;0;0;0;0;0;0;0;0;0;1;0;0;0